-- --------------------------------------------------------
-- Host:                         127.0.0.1
-- Server version:               8.4.3 - MySQL Community Server - GPL
-- Server OS:                    Win64
-- HeidiSQL Version:             12.8.0.6908
-- --------------------------------------------------------

/*!40101 SET @OLD_CHARACTER_SET_CLIENT=@@CHARACTER_SET_CLIENT */;
/*!40101 SET NAMES utf8 */;
/*!50503 SET NAMES utf8mb4 */;
/*!40103 SET @OLD_TIME_ZONE=@@TIME_ZONE */;
/*!40103 SET TIME_ZONE='+00:00' */;
/*!40014 SET @OLD_FOREIGN_KEY_CHECKS=@@FOREIGN_KEY_CHECKS, FOREIGN_KEY_CHECKS=0 */;
/*!40101 SET @OLD_SQL_MODE=@@SQL_MODE, SQL_MODE='NO_AUTO_VALUE_ON_ZERO' */;
/*!40111 SET @OLD_SQL_NOTES=@@SQL_NOTES, SQL_NOTES=0 */;

-- Dumping structure for table one2one4.admins
DROP TABLE IF EXISTS `admins`;
CREATE TABLE IF NOT EXISTS `admins` (
  `id` bigint unsigned NOT NULL AUTO_INCREMENT,
  `name` varchar(255) COLLATE utf8mb4_unicode_ci NOT NULL,
  `email` varchar(255) COLLATE utf8mb4_unicode_ci NOT NULL,
  `username` varchar(255) COLLATE utf8mb4_unicode_ci NOT NULL,
  `email_verified_at` timestamp NULL DEFAULT NULL,
  `password` varchar(255) COLLATE utf8mb4_unicode_ci NOT NULL,
  `remember_token` varchar(100) COLLATE utf8mb4_unicode_ci DEFAULT NULL,
  `created_at` timestamp NULL DEFAULT NULL,
  `updated_at` timestamp NULL DEFAULT NULL,
  PRIMARY KEY (`id`),
  UNIQUE KEY `admins_email_unique` (`email`),
  UNIQUE KEY `admins_username_unique` (`username`)
) ENGINE=InnoDB AUTO_INCREMENT=41 DEFAULT CHARSET=utf8mb4 COLLATE=utf8mb4_unicode_ci;

-- Dumping data for table one2one4.admins: ~28 rows (approximately)
DELETE FROM `admins`;
INSERT INTO `admins` (`id`, `name`, `email`, `username`, `email_verified_at`, `password`, `remember_token`, `created_at`, `updated_at`) VALUES
	(1, 'Super Admin', 'admin@gmail.com', 'admin', NULL, '$2y$10$gtQjRlXTHI8p6dAjtWZi8u3Irj7KOAEDD1RoXDcrJRAwMu7Hmi3iu', '3Y33bucPcQhdyO653ar5J9on7wsWAo405jFZjJ6tNOXE9mphg636mxSf3xOu', '2025-05-03 06:05:57', '2025-05-03 06:05:57'),
	(14, 'Ahmead Rezwan', 'rezwan.bloodteam@gmail.com', 'Rezwan', NULL, '$2y$10$hNom7IbfkXZZozKGEEGIZ.9dzO/.5uWOvmmU0XLxkGMxwGIKMBw9K', NULL, '2025-05-18 19:22:25', '2025-06-28 05:19:23'),
	(15, 'Faruk Khan Nur', 'faruk.bloodteam@gmail.com', 'Faruk', NULL, '$2y$10$XDi.PlCBGItSNK/iNuqhzO.ob0.0tKaQ.jofhL/Uh6jLOaZVZU9Si', 'wgR8wM8LC8ytRocrCzsC7QnvFdgOk5avjGQd4jc3AHkinltFe5Fzx7YMs8Ap', '2025-05-18 20:05:30', '2025-05-18 20:05:30'),
	(16, 'Kazi Tafsir Jarin', 'kazijarin.bloodteam@gmail.com', 'Kazi Jarin', NULL, '$2y$10$1Kb6xMLXfvi6YQ4Ge27Q3.Q/DmtGlfKtLd0mMEuZwLYKEsz.ackCq', 'fL7MNOAM36IB2dnNG24SgWkZetKEphsNWVCV6cl8NGTYJOleLJ3P62M3lfs4', '2025-05-18 20:08:38', '2025-05-18 20:08:38'),
	(17, 'Sabrina Sultana Mitu', 'mitu.bloodteam@gmail.com', 'mitu', NULL, '$2y$10$Q9KnjKa6ObX0K7E0X65dHuYRfcBy64cerCtT.BwMBId8b5p.aL8UG', NULL, '2025-05-18 20:16:09', '2025-05-18 20:16:09'),
	(18, 'Biswas Nakib', 'nakib.bloodteam@gmail.com', 'Nakib', NULL, '$2y$10$/bAsc81UPN1c.HOKh56yO.WF2eheBdm/r0x2LAx5KT6Gk8xaTpB16', 'nwccZUm06RyFPQ866XUWaFz3NyEoXPnDMY3sEvlonSXY4gtsimLbLIvbgeqP', '2025-05-18 20:17:22', '2025-05-18 20:17:22'),
	(19, 'Rakib Hasan', 'rakib.bloodteam@gmail.com', 'Rakib', NULL, '$2y$10$sZYWDnjwAA4eTaie4miNLOEe7TK63OtG7RH8ykmJPDnD9dBMDZuBW', NULL, '2025-05-18 20:21:25', '2025-05-18 20:21:25'),
	(20, 'Shakil Rana', 'rana.bloodteam@gmail.com', 'Shakil', NULL, '$2y$10$Z/qm9AUzY0AkmuexIepJNO8CbqB.zmfT36DdO6c/8zFCDNFOmUR8i', NULL, '2025-05-18 20:22:07', '2025-05-18 20:22:07'),
	(21, 'Zakirul Haque Ruhan', 'ruhan.bloodteam@gmail.com', 'Ruhan', NULL, '$2y$10$Kmf2yL8PAsthYR9z/DMnROfq/orzBQ9v/BNp1GRqSVIchs7TmFMxG', NULL, '2025-05-18 21:00:23', '2025-05-18 21:00:23'),
	(22, 'Tamanna Mustary', 'toma.bloodteam@gmail.com', 'Toma', NULL, '$2y$10$UUHRG.dEGbLtzR4bAOp4DeL2GM2bLsbmN24FtI.UQBbRPZ6yEDSHS', 'JDZvR1mSMpAHgxj2HtfROXcsI9yuhGc8W3H9vjkRvwOE1kH1hFKcPwPsxTcM', '2025-05-18 21:13:05', '2025-05-18 21:13:05'),
	(23, 'Nahid Al Mazid', 'nahid.bloodteam@gmail.com', 'Nahid', NULL, '$2y$10$pv2gqouc.P/ryCyKnYyAw.botUEx.xoXlr.26VkNHqzlGSoFggVWi', NULL, '2025-05-18 21:13:46', '2025-05-18 21:13:46'),
	(24, 'Jannatul Ferdous Jarin', 'jannatul.bloodteam@gmail.com', 'Jarin', NULL, '$2y$10$zG3RyFmq.LEe3r3rMSWxkumHnl2EE120ByjlQNQ/lbszB48TEKmX.', NULL, '2025-05-18 21:19:00', '2025-05-18 21:19:00'),
	(25, 'Himaloy Himu', 'himu.bloodteam@gmail.com', 'Himu', NULL, '$2y$10$epn71JZWYBfLTO1LbgaE9eHUlQOHMC4MAjF/.bympX0clEH2CKtLO', 'wnwYq9aHJCXdst81IYvL0zv6WFu7Xuk3obhIhSWlzFwh3NxWtYRWDYJZ0pIN', '2025-05-18 21:24:31', '2025-05-18 21:24:31'),
	(26, 'Lubna Binte Pathan', 'lubna.bloodteam@gmail.com', 'Lubna', NULL, '$2y$10$DQnjx.Z52qJPTivu6gE3Q.L8ZLRIfuCHK3cPEzHYU2FHbaXSwkala', NULL, '2025-05-18 21:26:16', '2025-05-18 21:26:16'),
	(27, 'Raj Shahed Raj', 'raj.bloodteam@gmail.com', 'Raj', NULL, '$2y$10$i53Cbd4I6hv5LJa8y.yREebYPMfKGaVpkf7u6fC9BRK6WuoBW12Ia', 'YnTR2Vey0Xg9Nlg0njoI9mAaC4uqFzc1Aa3IgNPTs0fyxH9xbxU10Y1RFb74', '2025-05-18 21:29:11', '2025-05-18 21:29:11'),
	(28, 'Shahriar Ahmead Hridoy', 'hridoy.bloodteam@gmail.com', 'Hridoy', NULL, '$2y$10$zYoKohtKqqcOnQzUtROEzeFrIIY2JuCPuQMdGBgAGFWja8nx32ypq', NULL, '2025-05-18 21:32:49', '2025-05-18 21:32:49'),
	(29, 'Minhaj Chowdhury', 'minhaj.bloodteam@gmail.com', 'Minhaj', NULL, '$2y$10$rhjEIdhRSzghgt1PWrdqf.PzmLmMJV7cKjmlxOdFFOX8xTdSi/2NC', NULL, '2025-05-18 21:40:15', '2025-05-18 21:40:15'),
	(30, 'Shariful Islam ST', 'shariful.bloodteam@gmail.com', 'Shariful', NULL, '$2y$10$hgdYSk.BwZ1d2D9qvEcAuuJXBz2jFVDocJNRZ8e0DZdkijeLh4y6W', 'F9ncte0bgg3yheFDbJDzY1UaKk7Vp1IUs2yE96Nw1IZ6UtOfC4GuryfWOn5X', '2025-05-18 21:45:44', '2025-05-18 21:45:44'),
	(31, 'Abdulla Noman Al Ador', 'ador.bloodteam@gmail.com', 'Ador', NULL, '$2y$10$9Lil9/EYPaVXCOCEpODHD.AAjdOKpsdo2lxYuMxDoEjqZWu7GuVre', NULL, '2025-05-18 22:19:18', '2025-05-18 22:19:18'),
	(32, 'Shoban', 'shoban.bloodteam@gmail.com', 'Shoban', NULL, '$2y$10$AsxdZKnF6o1dy4CVQVBo7ODv3TON2FOfi.HBuKr2dCHWMn7T9wmYi', NULL, '2025-05-18 22:20:27', '2025-05-18 22:20:27'),
	(33, 'Sonia Sorkar', 'sonia.bloodteam@gmail.com', 'Sonia', NULL, '$2y$10$95vTVz/JWRfhqLbF0gdwoezJp08H/Zw7O2sA5Z0en4gukIGieyg8O', NULL, '2025-05-18 22:21:38', '2025-05-18 22:21:38'),
	(34, 'Amit Debnath', 'amit.bloodteam@gmail.com', 'Amit', NULL, '$2y$10$GEbwDGKOkZkxTpKz2JCIeejY2nhHRNYZEsQA7bgcK.6VOy97yR5wy', NULL, '2025-05-18 22:22:35', '2025-05-18 22:22:35'),
	(35, 'Jakaria', 'jakaria.bloodteam@gmail.com', 'Jakaria', NULL, '$2y$10$fb2RXhX/bFCGDi5zqC93X.IJ4Fddw4W2bCARToGVomdEFfFuaOI2e', NULL, '2025-05-18 22:23:42', '2025-05-18 22:23:42'),
	(36, 'Rayhan Ahmed', 'rayhan.bloodteam@gmail.com', 'Rayhan', NULL, '$2y$10$5dvM64Oy/Fx9R1xLR1nFh.A1A0pqpddFJ3PgQnsjXGUUuCZ7GVrHO', NULL, '2025-05-18 22:25:23', '2025-05-18 22:25:23'),
	(37, 'Ariyan Alim', 'alim.bloodteam@gmail.com', 'Alim', NULL, '$2y$10$RUeIyWgEKr3wk0NtBpRT4OnWiW3xwBu51BTW4LhUVTjq3LqFbiPYm', NULL, '2025-05-18 22:26:36', '2025-05-18 22:26:36'),
	(38, 'Yeasir Arafat', 'arafat.bloodteam@gmail.com', 'Arafat', NULL, '$2y$10$RU9DZc.scLBHciXP1w8m/.ORh9pgvkVRw9YxXwKFwHVkWEe1y5Fre', 'hCHqEdq8TTIcDte7OGgugnQrH40rDrhQixIuBXAnJuDbzHK4fENbJNhjXfQW', '2025-05-19 23:08:05', '2025-05-19 23:08:05'),
	(39, 'Tania Tanu', 'tania.bloodteam@gmail.com', 'Tania', NULL, '$2y$10$jqGf0SuRU2/GjJ8ACC.Hp.vEMIaGjliTTUOX1pr44HYZRNduilYHC', NULL, '2025-05-19 23:11:06', '2025-05-19 23:11:06'),
	(40, 'Riaz Khan', 'riaz@gmail.com', 'Riaz', NULL, '$2y$10$xa3g6zwBz95VsyhTohd80uKVSJmQm/V2Lz5JqP2K4wAEXX/pApsFa', NULL, '2025-06-23 15:32:44', '2025-06-23 15:32:44');

-- Dumping structure for table one2one4.blood_donations
DROP TABLE IF EXISTS `blood_donations`;
CREATE TABLE IF NOT EXISTS `blood_donations` (
  `id` bigint unsigned NOT NULL AUTO_INCREMENT,
  `donor_id` bigint unsigned NOT NULL,
  `blood_request_id` bigint unsigned DEFAULT NULL,
  `volume` decimal(5,2) NOT NULL DEFAULT '0.45',
  `status` enum('pending','confirmed','approved','rejected','completed') COLLATE utf8mb4_unicode_ci NOT NULL DEFAULT 'pending',
  `rejection_reason` text COLLATE utf8mb4_unicode_ci,
  `donation_date` timestamp NULL DEFAULT NULL,
  `created_at` timestamp NULL DEFAULT NULL,
  `updated_at` timestamp NULL DEFAULT NULL,
  PRIMARY KEY (`id`),
  KEY `blood_donations_donor_id_status_index` (`donor_id`,`status`),
  KEY `blood_donations_blood_request_id_status_index` (`blood_request_id`,`status`),
  KEY `blood_donations_donation_date_index` (`donation_date`),
  CONSTRAINT `blood_donations_blood_request_id_foreign` FOREIGN KEY (`blood_request_id`) REFERENCES `blood_requests` (`id`) ON DELETE CASCADE,
  CONSTRAINT `blood_donations_donor_id_foreign` FOREIGN KEY (`donor_id`) REFERENCES `users` (`id`) ON DELETE CASCADE
) ENGINE=InnoDB AUTO_INCREMENT=36 DEFAULT CHARSET=utf8mb4 COLLATE=utf8mb4_unicode_ci;

-- Dumping data for table one2one4.blood_donations: ~16 rows (approximately)
DELETE FROM `blood_donations`;
INSERT INTO `blood_donations` (`id`, `donor_id`, `blood_request_id`, `volume`, `status`, `rejection_reason`, `donation_date`, `created_at`, `updated_at`) VALUES
	(12, 28, 19, 0.45, 'completed', NULL, NULL, '2025-05-07 01:04:16', '2025-06-23 16:11:00'),
	(13, 66, 12, 0.45, 'rejected', 'not available', NULL, '2025-05-07 01:15:16', '2025-06-23 15:53:16'),
	(14, 33, 13, 0.45, 'rejected', 'not available', NULL, '2025-05-19 00:16:58', '2025-06-23 16:47:11'),
	(15, 28, 17, 0.45, 'completed', 'not present', '2025-06-27 04:00:00', '2025-05-23 02:41:08', '2025-06-26 10:47:53'),
	(16, 39, 18, 0.45, 'completed', 'donar not in current lotaion', NULL, '2025-05-27 01:59:31', '2025-06-24 16:07:14'),
	(17, 66, 20, 0.45, 'completed', NULL, NULL, '2025-06-03 16:57:07', '2025-06-24 16:07:39'),
	(18, 35, 22, 0.45, 'completed', NULL, '2025-06-12 04:00:00', '2025-06-12 21:57:54', '2025-06-26 16:01:52'),
	(19, 43, 22, 0.45, 'completed', NULL, NULL, '2025-06-12 22:02:27', '2025-06-24 16:04:47'),
	(20, 77, 22, 0.45, 'rejected', 'tes', NULL, '2025-06-13 02:07:15', '2025-06-23 16:09:08'),
	(21, 72, 31, 0.45, 'completed', NULL, NULL, '2025-06-24 18:04:41', '2025-06-24 18:06:14'),
	(22, 48, 30, 0.45, 'completed', NULL, NULL, '2025-06-24 18:04:52', '2025-06-24 18:06:27'),
	(23, 66, 33, 0.45, 'completed', NULL, '2025-06-27 04:00:00', '2025-06-26 00:01:08', '2025-06-26 10:46:24'),
	(24, 55, 38, 0.45, 'pending', NULL, NULL, '2025-06-26 22:31:01', '2025-06-26 22:31:01'),
	(25, 28, 40, 0.45, 'pending', NULL, NULL, '2025-06-27 10:45:55', '2025-06-27 10:45:55'),
	(26, 182, 38, 0.45, 'completed', NULL, NULL, '2025-06-27 15:05:52', '2025-06-28 01:38:49'),
	(27, 28, 35, 0.45, 'completed', NULL, '2025-06-27 04:00:00', '2025-06-27 23:50:11', '2025-06-27 23:51:53'),
	(28, 28, 41, 0.45, 'completed', NULL, NULL, '2025-06-28 01:15:13', '2025-06-28 01:16:50'),
	(29, 28, 42, 0.45, 'completed', NULL, NULL, '2025-06-28 01:21:01', '2025-06-28 01:26:50'),
	(30, 28, 43, 0.45, 'rejected', 'sdfsdfsdf', NULL, '2025-06-28 01:28:34', '2025-06-28 01:31:58'),
	(31, 28, 44, 0.45, 'completed', NULL, NULL, '2025-06-28 01:33:26', '2025-06-28 01:33:51'),
	(32, 134, 29, 0.45, 'completed', NULL, NULL, '2025-06-28 02:33:09', '2025-06-28 02:53:58'),
	(33, 31, NULL, 0.45, 'completed', NULL, NULL, '2025-06-28 03:00:30', '2025-06-28 03:02:17'),
	(34, 33, NULL, 0.45, 'pending', NULL, NULL, '2025-06-28 03:01:21', '2025-06-28 03:01:21'),
	(35, 58, 44, 0.45, 'rejected', 'tlhidlks fsldkfjl sflkjsdlkjf ;slkdjf;lk jsdl;kfj skdjfsj dflkjsadl;fj l;skajdfl;k jsd;lkfj lskdf sl;fjalsk l;kdjfl;kjasl;kfdj sd', NULL, '2025-06-28 03:18:04', '2025-06-28 03:39:53');

-- Dumping structure for table one2one4.blood_notifications
DROP TABLE IF EXISTS `blood_notifications`;
CREATE TABLE IF NOT EXISTS `blood_notifications` (
  `id` bigint unsigned NOT NULL AUTO_INCREMENT,
  `blood_request_id` bigint unsigned NOT NULL,
  `user_id` bigint unsigned NOT NULL,
  `donor_id` bigint unsigned DEFAULT NULL,
  `type` enum('donor_assigned','request_approved','donation_completed','request_updated') COLLATE utf8mb4_unicode_ci NOT NULL,
  `message` text COLLATE utf8mb4_unicode_ci NOT NULL,
  `is_read` tinyint(1) NOT NULL DEFAULT '0',
  `read_at` timestamp NULL DEFAULT NULL,
  `created_at` timestamp NULL DEFAULT NULL,
  `updated_at` timestamp NULL DEFAULT NULL,
  PRIMARY KEY (`id`),
  KEY `blood_notifications_donor_id_foreign` (`donor_id`),
  KEY `blood_notifications_user_id_is_read_index` (`user_id`,`is_read`),
  KEY `blood_notifications_blood_request_id_type_index` (`blood_request_id`,`type`),
  CONSTRAINT `blood_notifications_blood_request_id_foreign` FOREIGN KEY (`blood_request_id`) REFERENCES `blood_requests` (`id`) ON DELETE CASCADE,
  CONSTRAINT `blood_notifications_donor_id_foreign` FOREIGN KEY (`donor_id`) REFERENCES `users` (`id`) ON DELETE CASCADE,
  CONSTRAINT `blood_notifications_user_id_foreign` FOREIGN KEY (`user_id`) REFERENCES `users` (`id`) ON DELETE CASCADE
) ENGINE=InnoDB DEFAULT CHARSET=utf8mb4 COLLATE=utf8mb4_unicode_ci;

-- Dumping data for table one2one4.blood_notifications: ~0 rows (approximately)
DELETE FROM `blood_notifications`;

-- Dumping structure for table one2one4.blood_requests
DROP TABLE IF EXISTS `blood_requests`;
CREATE TABLE IF NOT EXISTS `blood_requests` (
  `id` bigint unsigned NOT NULL AUTO_INCREMENT,
  `user_id` bigint unsigned NOT NULL,
  `blood_type` varchar(255) COLLATE utf8mb4_unicode_ci NOT NULL,
  `units_needed` int NOT NULL,
  `urgency_level` enum('normal','urgent') COLLATE utf8mb4_unicode_ci NOT NULL DEFAULT 'normal',
  `hospital_name` varchar(255) COLLATE utf8mb4_unicode_ci NOT NULL,
  `hospital_address` text COLLATE utf8mb4_unicode_ci,
  `needed_date` date DEFAULT NULL,
  `additional_notes` text COLLATE utf8mb4_unicode_ci,
  `status` enum('pending','approved','rejected','completed','cancel') COLLATE utf8mb4_unicode_ci NOT NULL DEFAULT 'pending',
  `rejection_reason` text COLLATE utf8mb4_unicode_ci,
  `hospital_division_id` bigint unsigned DEFAULT NULL,
  `hospital_district_id` bigint unsigned DEFAULT NULL,
  `hospital_upazila_id` bigint unsigned DEFAULT NULL,
  `created_at` timestamp NULL DEFAULT NULL,
  `updated_at` timestamp NULL DEFAULT NULL,
  PRIMARY KEY (`id`),
  KEY `blood_requests_user_id_foreign` (`user_id`),
  KEY `blood_requests_hospital_division_id_foreign` (`hospital_division_id`),
  KEY `blood_requests_hospital_district_id_foreign` (`hospital_district_id`),
  KEY `blood_requests_hospital_upazila_id_foreign` (`hospital_upazila_id`),
  CONSTRAINT `blood_requests_hospital_district_id_foreign` FOREIGN KEY (`hospital_district_id`) REFERENCES `districts` (`id`),
  CONSTRAINT `blood_requests_hospital_division_id_foreign` FOREIGN KEY (`hospital_division_id`) REFERENCES `divisions` (`id`),
  CONSTRAINT `blood_requests_hospital_upazila_id_foreign` FOREIGN KEY (`hospital_upazila_id`) REFERENCES `upazilas` (`id`),
  CONSTRAINT `blood_requests_user_id_foreign` FOREIGN KEY (`user_id`) REFERENCES `users` (`id`) ON DELETE CASCADE
) ENGINE=InnoDB AUTO_INCREMENT=46 DEFAULT CHARSET=utf8mb4 COLLATE=utf8mb4_unicode_ci;

-- Dumping data for table one2one4.blood_requests: ~29 rows (approximately)
DELETE FROM `blood_requests`;
INSERT INTO `blood_requests` (`id`, `user_id`, `blood_type`, `units_needed`, `urgency_level`, `hospital_name`, `hospital_address`, `needed_date`, `additional_notes`, `status`, `rejection_reason`, `hospital_division_id`, `hospital_district_id`, `hospital_upazila_id`, `created_at`, `updated_at`) VALUES
	(11, 66, 'O+', 1, 'normal', 'Pabna medical', 'Pabna', '2025-05-06', 'Delivery', 'completed', NULL, 3, 29, 151, '2025-05-07 00:50:28', '2025-05-07 01:04:16'),
	(12, 28, 'A+', 1, 'normal', 'Panchati', 'Panchari', '2025-05-06', 'Time 10 AM', 'completed', NULL, 2, 63, 119, '2025-05-07 01:12:14', '2025-05-07 01:15:16'),
	(13, 28, 'O+', 1, 'normal', 'Dhaka Medical', 'Dhaka', NULL, NULL, 'completed', NULL, 1, 1, 39, '2025-05-19 00:10:50', '2025-05-19 00:16:58'),
	(14, 95, 'A-', 2, 'normal', 'Square', 'Dhanmondi', '2025-05-23', NULL, 'rejected', 'Request rejected by admin', 1, 1, 1, '2025-05-23 02:27:43', '2025-05-23 02:32:30'),
	(15, 95, 'A-', 2, 'normal', 'Square', 'Dhanmondi', '2025-05-23', NULL, 'rejected', 'Request rejected by admin', 1, 1, 1, '2025-05-23 02:27:45', '2025-05-23 02:32:14'),
	(16, 95, 'A-', 2, 'normal', 'Square', 'Dhanmondi', '2025-05-23', NULL, 'rejected', 'Request rejected by admin', 1, 1, 1, '2025-05-23 02:27:47', '2025-05-23 02:32:05'),
	(17, 95, 'O+', 1, 'urgent', 'Square', 'Dhanmondi', '2025-05-24', 'No Smoker', 'completed', NULL, 1, 1, 1, '2025-05-23 02:37:16', '2025-05-23 02:41:08'),
	(18, 44, 'A+', 1, 'urgent', 'Mujibunogor govt hospital meherpur', 'Mujibnogor,meherpur', '2025-05-26', NULL, 'completed', NULL, 4, 49, 133, '2025-05-26 22:50:49', '2025-05-27 01:59:31'),
	(19, 28, 'A+', 1, 'normal', 'Dhaka Medical', 'Dhaka Medical', '2025-05-29', 'No Smoker', 'completed', 'Request rejected by admin', 1, 1, 39, '2025-05-29 23:48:46', '2025-06-23 16:11:00'),
	(20, 28, 'A+', 1, 'normal', 'Test', 'rest', '2025-06-03', NULL, 'completed', NULL, 1, 20, 48, '2025-06-03 16:48:14', '2025-06-03 16:57:07'),
	(21, 115, 'O-', 1, 'urgent', 'Comilla Central hospital', 'Comilla foduar Bazar', '2025-06-14', 'Piles operation', 'rejected', 'Request rejected by admin', 2, 56, 25, '2025-06-12 19:17:44', '2025-06-12 21:57:37'),
	(22, 28, 'A+', 3, 'normal', 'CKD UROLOGY HOSPITAL', 'Shyamoli Dhaka', '2025-06-12', NULL, 'completed', NULL, 1, 1, 37, '2025-06-12 21:52:00', '2025-06-13 02:07:15'),
	(25, 28, 'AB-', 1, 'normal', 'Gopalgonj Sadar', 'Gopalgonj Sadar', '2025-06-23', NULL, 'rejected', 'Donar not found', 1, 20, 48, '2025-06-23 16:38:02', '2025-06-23 16:42:44'),
	(26, 28, 'O+', 1, 'normal', 'Test', 'test', '2025-06-23', NULL, 'rejected', 'Request rejected by admin', 6, 23, 246, '2025-06-23 16:52:33', '2025-06-23 17:02:57'),
	(27, 28, 'O+', 1, 'urgent', 'Test', 'Test', '2025-06-22', NULL, 'rejected', 'Donar not available', 6, 23, 242, '2025-06-23 16:56:42', '2025-06-23 17:03:40'),
	(28, 28, 'A+', 1, 'normal', 'Test 2', 'Test 2', '2025-06-23', NULL, 'rejected', 'Request rejected by admin', 5, 44, 350, '2025-06-23 16:58:53', '2025-06-23 17:02:53'),
	(29, 28, 'A+', 1, 'normal', 'Dhaka medical', 'Dhaka medical', '2025-06-23', NULL, 'completed', 'Donar not available', 1, 1, 39, '2025-06-24 03:57:52', '2025-06-28 02:53:58'),
	(30, 28, 'O+', 1, 'normal', 'Test', 'test', '2025-06-24', NULL, 'completed', NULL, 2, 60, 95, '2025-06-24 17:55:25', '2025-06-24 18:04:52'),
	(31, 28, 'O+', 1, 'normal', 'Test -2', 'T-2', '2025-06-26', NULL, 'completed', NULL, 1, 2, 384, '2025-06-24 17:56:19', '2025-06-24 18:04:41'),
	(32, 28, 'A+', 1, 'normal', 'Test-3', 't-3', '2025-06-24', NULL, 'rejected', 'test-3', 3, 6, 174, '2025-06-24 18:00:24', '2025-06-24 18:02:59'),
	(33, 66, 'A+', 1, 'normal', 'Khagrachhari sadar hospital', 'Khagrachhari sadar', '2025-06-26', NULL, 'completed', NULL, 2, 63, 117, '2025-06-25 23:53:18', '2025-06-26 00:01:08'),
	(34, 28, 'A+', 1, 'normal', 'Mawna', 'Mawna', '2025-06-26', NULL, 'rejected', 'Donar Not Available', 1, 2, 385, '2025-06-26 10:51:26', '2025-06-26 10:53:09'),
	(35, 28, 'O+', 1, 'normal', 'Gopalgonj Sadar', 'Gopalgonj', '2025-06-26', NULL, 'completed', NULL, 1, 20, 48, '2025-06-26 16:12:23', '2025-06-27 23:50:11'),
	(36, 28, 'B+', 1, 'urgent', 'Gopalgonj Sadar', 'Gopalgonj', '2025-06-25', NULL, 'pending', NULL, 1, 20, 48, '2025-06-26 16:12:48', '2025-06-26 16:12:48'),
	(37, 181, 'B+', 2, 'urgent', 'Narayanganj Sadar Hospital', NULL, '2025-06-26', 'একটি মানবিক আবেদন রক্তদাতারা এগিয়ে আসুন। \r\n\r\n📈রোগীর সমস্যাঃ  থাইরয়েড সহ জটিল রোগ\r\n🔴রক্তের গ্রুপঃ  বি+\r\n🔴হিমোগ্লোবিন :  ৯.৭\r\n💉রক্তের পরিমাণ: ২ ব্যাগ\r\n📝তারিখঃ☞ ২৬-৬-২৫\r\n🕐রক্তদানের সময়ঃ ম্যানেজ হলেই\r\n 🏘রক্তদানের স্থানঃ নারায়ণগঞ্জ সদর হাসপাতাল\r\n☎যোগাযোগঃ 01742920184\r\n👤রেফারেন্সঃ SH Salman \r\n\r\n💚 উৎসাহে করব রক্তদান ❤️\r\n💜বাঁচবে মুমূর্ষু রোগীর প্রাণ', 'rejected', 'Request rejected by admin', 1, 3, 394, '2025-06-26 22:12:45', '2025-06-26 22:16:16'),
	(38, 181, 'B+', 2, 'urgent', 'Narayanganj sadar hospital', 'Narayanganj sadar hospital', '2025-06-26', 'একটি মানবিক আবেদন রক্তদাতারা এগিয়ে আসুন। \r\n\r\n📈রোগীর সমস্যাঃ  থাইরয়েড সহ জটিল রোগ\r\n🔴রক্তের গ্রুপঃ  বি+\r\n🔴হিমোগ্লোবিন :  ৯.৭\r\n💉রক্তের পরিমাণ: ২ ব্যাগ\r\n📝তারিখঃ☞ ২৬-৬-২৫\r\n🕐রক্তদানের সময়ঃ ম্যানেজ হলেই\r\n 🏘রক্তদানের স্থানঃ নারায়ণগঞ্জ সদর হাসপাতাল\r\n☎যোগাযোগঃ 01742920184\r\n👤রেফারেন্সঃ SH Salman \r\n\r\n💚 উৎসাহে করব রক্তদান ❤️\r\n💜বাঁচবে মুমূর্ষু রোগীর প্রাণ', 'completed', NULL, 1, 3, 394, '2025-06-26 22:28:47', '2025-06-27 15:05:52'),
	(39, 134, 'B+', 2, 'urgent', 'dfsfsd', 'sdfsdfsdf', '2025-06-26', 'sdfsdfsdf', 'rejected', 'Request rejected by admin', 5, 45, 362, '2025-06-27 10:37:01', '2025-06-27 10:44:22'),
	(40, 134, 'O+', 1, 'urgent', 'asdfsd', 'tas', '2025-06-26', 'asdf', 'completed', NULL, 1, 18, 438, '2025-06-27 10:43:34', '2025-06-27 10:45:55'),
	(41, 28, 'O+', 1, 'normal', 'Gazipur', 'Gazipur', '2025-06-27', NULL, 'completed', NULL, 1, 1, 519, '2025-06-27 23:48:31', '2025-06-28 01:15:13'),
	(42, 189, 'O+', 3, 'normal', 'sdfsdf', 'sdfsdf', '2025-06-28', 'sdfsdf', 'approved', NULL, 5, 46, 369, '2025-06-28 01:20:41', '2025-06-28 01:21:01'),
	(43, 189, 'O+', 1, 'normal', 'dfsfsd', 'sfsdfsdf', '2025-06-28', 'sdfsdf', 'approved', NULL, 5, 46, 372, '2025-06-28 01:28:10', '2025-06-28 01:31:58'),
	(44, 189, 'O+', 2, 'normal', 'asdfsd', 'sdfsdfsd', '2025-06-28', 'sfsfsd', 'approved', NULL, 5, 8, 358, '2025-06-28 01:33:14', '2025-06-28 03:18:34'),
	(45, 189, 'B+', 1, 'urgent', 'asdfsd', 'sdfsdf', '2025-06-29', 'sfsdf', 'pending', NULL, 5, 46, 372, '2025-06-28 03:31:29', '2025-06-28 03:31:29');

-- Dumping structure for table one2one4.contacts
DROP TABLE IF EXISTS `contacts`;
CREATE TABLE IF NOT EXISTS `contacts` (
  `id` bigint unsigned NOT NULL AUTO_INCREMENT,
  `name` varchar(255) COLLATE utf8mb4_unicode_ci NOT NULL,
  `email` varchar(255) COLLATE utf8mb4_unicode_ci NOT NULL,
  `phone` varchar(255) COLLATE utf8mb4_unicode_ci DEFAULT NULL,
  `subject` varchar(255) COLLATE utf8mb4_unicode_ci NOT NULL,
  `message` text COLLATE utf8mb4_unicode_ci NOT NULL,
  `status` enum('read','unread') COLLATE utf8mb4_unicode_ci NOT NULL DEFAULT 'unread',
  `created_at` timestamp NULL DEFAULT NULL,
  `updated_at` timestamp NULL DEFAULT NULL,
  PRIMARY KEY (`id`)
) ENGINE=InnoDB DEFAULT CHARSET=utf8mb4 COLLATE=utf8mb4_unicode_ci;

-- Dumping data for table one2one4.contacts: ~0 rows (approximately)
DELETE FROM `contacts`;

-- Dumping structure for table one2one4.districts
DROP TABLE IF EXISTS `districts`;
CREATE TABLE IF NOT EXISTS `districts` (
  `id` bigint unsigned NOT NULL AUTO_INCREMENT,
  `division_id` bigint unsigned NOT NULL,
  `name` varchar(255) COLLATE utf8mb4_unicode_ci NOT NULL,
  `bn_name` varchar(255) COLLATE utf8mb4_unicode_ci DEFAULT NULL,
  `created_at` timestamp NULL DEFAULT NULL,
  `updated_at` timestamp NULL DEFAULT NULL,
  PRIMARY KEY (`id`),
  KEY `districts_division_id_foreign` (`division_id`),
  CONSTRAINT `districts_division_id_foreign` FOREIGN KEY (`division_id`) REFERENCES `divisions` (`id`) ON DELETE CASCADE
) ENGINE=InnoDB AUTO_INCREMENT=65 DEFAULT CHARSET=utf8mb4 COLLATE=utf8mb4_unicode_ci;

-- Dumping data for table one2one4.districts: ~64 rows (approximately)
DELETE FROM `districts`;
INSERT INTO `districts` (`id`, `division_id`, `name`, `bn_name`, `created_at`, `updated_at`) VALUES
	(1, 1, 'Dhaka', 'ঢাকা', '2025-05-03 06:05:57', '2025-05-03 06:05:57'),
	(2, 1, 'Gazipur', 'গাজীপুর', '2025-05-03 06:05:57', '2025-05-03 06:05:57'),
	(3, 1, 'Narayanganj', 'নারায়ণগঞ্জ', '2025-05-03 06:05:57', '2025-05-03 06:05:57'),
	(4, 2, 'Chittagong', 'চট্টগ্রাম', '2025-05-03 06:05:57', '2025-05-03 06:05:57'),
	(5, 2, 'Coxs Bazar', 'কক্সবাজার', '2025-05-03 06:05:57', '2025-05-03 06:05:57'),
	(6, 3, 'Rajshahi', 'রাজশাহী', '2025-05-03 06:05:57', '2025-05-03 06:05:57'),
	(7, 4, 'Khulna', 'খুলনা', '2025-05-03 06:05:57', '2025-05-03 06:05:57'),
	(8, 5, 'Barisal', 'বরিশাল', '2025-05-03 06:05:57', '2025-05-03 06:05:57'),
	(9, 6, 'Sylhet', 'সিলেট', '2025-05-03 06:05:57', '2025-05-03 06:05:57'),
	(10, 7, 'Rangpur', 'রংপুর', '2025-05-03 06:05:57', '2025-05-03 06:05:57'),
	(11, 8, 'Mymensingh', 'ময়মনসিংহ', '2025-05-03 06:05:57', '2025-05-03 06:05:57'),
	(12, 1, 'Narsingdi', 'নরসিংদী', '2025-05-04 21:17:56', '2025-05-04 21:17:56'),
	(13, 1, 'Shariatpur', 'শরীয়তপুর', '2025-05-04 21:18:30', '2025-05-04 21:18:30'),
	(14, 1, 'Tangail', 'টাঙ্গাইল', '2025-05-04 21:20:22', '2025-05-04 21:20:22'),
	(15, 1, 'Kishoreganj', 'কিশোরগঞ্জ', '2025-05-04 21:20:51', '2025-05-04 21:20:51'),
	(16, 1, 'Manikganj', 'মানিকগঞ্জ', '2025-05-04 21:21:25', '2025-05-04 21:21:25'),
	(17, 1, 'Munshiganj', 'মুন্সিগঞ্জ', '2025-05-04 21:21:57', '2025-05-04 21:21:57'),
	(18, 1, 'Rajbari', 'রাজবাড়ী', '2025-05-04 21:22:22', '2025-05-04 21:22:22'),
	(19, 1, 'Madaripur', 'মাদারীপুর', '2025-05-04 21:22:43', '2025-05-04 21:22:43'),
	(20, 1, 'Gopalganj', 'গোপালগঞ্জ', '2025-05-04 21:23:05', '2025-05-04 21:23:05'),
	(21, 1, 'Faridpur', 'ফরিদপুর', '2025-05-04 21:23:28', '2025-05-04 21:23:28'),
	(22, 6, 'Moulvibazar', 'মৌলভীবাজার', '2025-05-04 21:24:46', '2025-05-04 21:24:46'),
	(23, 6, 'Habiganj', 'হবিগঞ্জ', '2025-05-04 21:25:10', '2025-05-04 21:25:10'),
	(24, 6, 'Sunamganj', 'সুনামগঞ্জ', '2025-05-04 21:25:30', '2025-05-04 21:25:30'),
	(25, 8, 'Sherpur', 'শেরপুর', '2025-05-04 21:27:54', '2025-05-04 21:27:54'),
	(26, 8, 'Jamalpur', 'জামালপুর', '2025-05-04 21:29:05', '2025-05-04 21:29:05'),
	(27, 8, 'Netrokona', 'নেত্রকোণা', '2025-05-04 21:29:30', '2025-05-04 21:29:30'),
	(28, 3, 'Sirajganj', 'সিরাজগঞ্জ', '2025-05-04 21:36:04', '2025-05-04 21:36:04'),
	(29, 3, 'Pabna', 'পাবনা', '2025-05-04 21:36:27', '2025-05-04 21:36:27'),
	(30, 3, 'Bogra', 'বগুড়া', '2025-05-04 21:36:45', '2025-05-04 21:36:45'),
	(31, 3, 'Natore', 'নাটোর', '2025-05-04 21:37:08', '2025-05-04 21:37:08'),
	(32, 3, 'Joypurhat', 'জয়পুরহাট', '2025-05-04 21:37:36', '2025-05-04 21:37:36'),
	(33, 3, 'Chapainawabganj', 'চাঁপাইনবাবগঞ্জ', '2025-05-04 21:39:32', '2025-05-04 21:39:32'),
	(34, 3, 'Naogaon', 'নওগাঁ', '2025-05-04 21:39:51', '2025-05-04 21:39:51'),
	(35, 7, 'Panchagarh', 'পঞ্চগড়', '2025-05-04 21:47:46', '2025-05-04 21:47:46'),
	(36, 7, 'Dinajpur', 'দিনাজপুর', '2025-05-04 21:48:11', '2025-05-04 21:48:11'),
	(37, 7, 'Lalmonirhat', 'লালমনিরহাট', '2025-05-04 21:49:02', '2025-05-04 21:49:02'),
	(38, 7, 'Nilphamari', 'নীলফামারী', '2025-05-04 21:49:19', '2025-05-04 21:49:19'),
	(39, 7, 'Gaibandha', 'গাইবান্ধা', '2025-05-04 21:49:47', '2025-05-04 21:49:47'),
	(40, 7, 'Thakurgaon', 'ঠাকুরগাঁও', '2025-05-04 21:50:09', '2025-05-04 21:50:09'),
	(41, 7, 'Kurigram', 'কুড়িগ্রাম', '2025-05-04 21:50:30', '2025-05-04 21:50:30'),
	(42, 5, 'Jhalokati', 'ঝালকাঠি', '2025-05-04 21:53:01', '2025-05-04 21:53:01'),
	(43, 5, 'Patuakhali', 'পটুয়াখালী', '2025-05-04 21:53:20', '2025-05-04 21:53:20'),
	(44, 5, 'Pirojpur', 'পিরোজপুর', '2025-05-04 21:53:38', '2025-05-04 21:53:38'),
	(45, 5, 'Bhola', 'ভোলা', '2025-05-04 21:54:02', '2025-05-04 21:54:02'),
	(46, 5, 'Barguna', 'বরগুনা', '2025-05-04 21:54:20', '2025-05-04 21:54:20'),
	(47, 4, 'Jessore', 'যশোর', '2025-05-04 21:55:46', '2025-05-04 21:55:46'),
	(48, 4, 'Satkhira', 'সাতক্ষীরা', '2025-05-04 21:56:11', '2025-05-04 21:56:11'),
	(49, 4, 'Meherpur', 'মেহেরপুর', '2025-05-04 21:56:28', '2025-05-04 21:56:28'),
	(50, 4, 'Narail', 'নড়াইল', '2025-05-04 21:56:54', '2025-05-04 21:56:54'),
	(51, 4, 'Chuadanga', 'চুয়াডাঙ্গা', '2025-05-04 21:57:14', '2025-05-04 21:57:14'),
	(52, 4, 'Kushtia', 'কুষ্টিয়া', '2025-05-04 21:57:37', '2025-05-04 21:57:37'),
	(53, 4, 'Magura', 'মাগুরা', '2025-05-04 21:57:57', '2025-05-04 21:57:57'),
	(54, 4, 'Bagerhat', 'বাগেরহাট', '2025-05-04 21:59:06', '2025-05-04 21:59:06'),
	(55, 4, 'Jhenaidah', 'ঝিনাইদহ', '2025-05-04 21:59:25', '2025-05-04 21:59:25'),
	(56, 2, 'Comilla', 'কুমিল্লা', '2025-05-04 22:00:57', '2025-05-04 22:00:57'),
	(57, 2, 'Feni', 'ফেনী', '2025-05-04 22:01:17', '2025-05-04 22:01:17'),
	(58, 2, 'Brahmanbaria', 'ব্রাহ্মণবাড়িয়া', '2025-05-04 22:01:37', '2025-05-04 22:01:37'),
	(59, 2, 'Rangamati', 'রাঙ্গামাটি', '2025-05-04 22:01:56', '2025-05-04 22:01:56'),
	(60, 2, 'Noakhali', 'নোয়াখালী', '2025-05-04 22:02:18', '2025-05-04 22:02:18'),
	(61, 2, 'Chandpur', 'চাঁদপুর', '2025-05-04 22:02:41', '2025-05-04 22:02:41'),
	(62, 2, 'Laxmipur', 'লক্ষ্মীপুর', '2025-05-04 22:03:01', '2025-05-04 22:03:01'),
	(63, 2, 'Khagrachari', 'খাগড়াছড়ি', '2025-05-04 22:03:25', '2025-05-04 22:03:25'),
	(64, 2, 'Bandarban', 'বান্দরবান', '2025-05-04 22:03:51', '2025-05-04 22:03:51');

-- Dumping structure for table one2one4.divisions
DROP TABLE IF EXISTS `divisions`;
CREATE TABLE IF NOT EXISTS `divisions` (
  `id` bigint unsigned NOT NULL AUTO_INCREMENT,
  `name` varchar(255) COLLATE utf8mb4_unicode_ci NOT NULL,
  `bn_name` varchar(255) COLLATE utf8mb4_unicode_ci DEFAULT NULL,
  `created_at` timestamp NULL DEFAULT NULL,
  `updated_at` timestamp NULL DEFAULT NULL,
  PRIMARY KEY (`id`)
) ENGINE=InnoDB AUTO_INCREMENT=9 DEFAULT CHARSET=utf8mb4 COLLATE=utf8mb4_unicode_ci;

-- Dumping data for table one2one4.divisions: ~8 rows (approximately)
DELETE FROM `divisions`;
INSERT INTO `divisions` (`id`, `name`, `bn_name`, `created_at`, `updated_at`) VALUES
	(1, 'Dhaka', 'ঢাকা', '2025-05-03 06:05:57', '2025-05-03 06:05:57'),
	(2, 'Chittagong', 'চট্টগ্রাম', '2025-05-03 06:05:57', '2025-05-03 06:05:57'),
	(3, 'Rajshahi', 'রাজশাহী', '2025-05-03 06:05:57', '2025-05-03 06:05:57'),
	(4, 'Khulna', 'খুলনা', '2025-05-03 06:05:57', '2025-05-03 06:05:57'),
	(5, 'Barisal', 'বরিশাল', '2025-05-03 06:05:57', '2025-05-03 06:05:57'),
	(6, 'Sylhet', 'সিলেট', '2025-05-03 06:05:57', '2025-05-03 06:05:57'),
	(7, 'Rangpur', 'রংপুর', '2025-05-03 06:05:57', '2025-05-03 06:05:57'),
	(8, 'Mymensingh', 'ময়মনসিংহ', '2025-05-03 06:05:57', '2025-05-03 06:05:57');

-- Dumping structure for table one2one4.events
DROP TABLE IF EXISTS `events`;
CREATE TABLE IF NOT EXISTS `events` (
  `id` bigint unsigned NOT NULL AUTO_INCREMENT,
  `title` varchar(255) COLLATE utf8mb4_unicode_ci NOT NULL,
  `description` text COLLATE utf8mb4_unicode_ci,
  `event_fee` varchar(255) COLLATE utf8mb4_unicode_ci DEFAULT NULL,
  `upazila_id` varchar(255) COLLATE utf8mb4_unicode_ci DEFAULT NULL,
  `district_id` varchar(255) COLLATE utf8mb4_unicode_ci DEFAULT NULL,
  `division_id` varchar(255) COLLATE utf8mb4_unicode_ci DEFAULT NULL,
  `start_date` datetime DEFAULT NULL,
  `end_date` datetime DEFAULT NULL,
  `image` varchar(255) COLLATE utf8mb4_unicode_ci DEFAULT NULL,
  `status` enum('active','inactive','cancelled') COLLATE utf8mb4_unicode_ci NOT NULL DEFAULT 'inactive',
  `is_featured` tinyint(1) NOT NULL DEFAULT '0',
  `created_at` timestamp NULL DEFAULT NULL,
  `updated_at` timestamp NULL DEFAULT NULL,
  PRIMARY KEY (`id`)
) ENGINE=InnoDB AUTO_INCREMENT=5 DEFAULT CHARSET=utf8mb4 COLLATE=utf8mb4_unicode_ci;

-- Dumping data for table one2one4.events: ~0 rows (approximately)
DELETE FROM `events`;
INSERT INTO `events` (`id`, `title`, `description`, `event_fee`, `upazila_id`, `district_id`, `division_id`, `start_date`, `end_date`, `image`, `status`, `is_featured`, `created_at`, `updated_at`) VALUES
	(1, 'test', 'test desct', '200', NULL, NULL, NULL, '2025-06-25 02:16:00', '2025-07-05 02:16:00', NULL, 'active', 0, NULL, '2025-06-27 23:28:24'),
	(2, 'TEst Edit', 'tesfdslf lskdflkds lkdslk lsdkfl; Event Description', '200', '369', '46', '5', '2025-06-26 02:37:00', '2025-06-30 02:38:00', 'images/events/1751064321_685f1f01df940.png', 'active', 1, NULL, '2025-06-27 22:54:06'),
	(3, 'test 2', ' lkdsflk sdlfsdl flks', '400', '', NULL, NULL, '2025-06-22 02:41:16', '2025-07-07 02:41:22', NULL, 'inactive', 0, NULL, NULL),
	(4, 'test c tea', 'adfd fsdf sd', '2222', '362', '45', '5', '2025-06-28 12:00:00', '2025-07-16 12:00:00', 'images/events/1751064985_685f2199a2a3d.jpg', 'active', 0, '2025-06-27 22:56:25', '2025-06-27 22:56:25');

-- Dumping structure for table one2one4.failed_jobs
DROP TABLE IF EXISTS `failed_jobs`;
CREATE TABLE IF NOT EXISTS `failed_jobs` (
  `id` bigint unsigned NOT NULL AUTO_INCREMENT,
  `connection` text COLLATE utf8mb4_unicode_ci NOT NULL,
  `queue` text COLLATE utf8mb4_unicode_ci NOT NULL,
  `payload` longtext COLLATE utf8mb4_unicode_ci NOT NULL,
  `exception` longtext COLLATE utf8mb4_unicode_ci NOT NULL,
  `failed_at` timestamp NOT NULL DEFAULT CURRENT_TIMESTAMP,
  PRIMARY KEY (`id`)
) ENGINE=InnoDB DEFAULT CHARSET=utf8mb4 COLLATE=utf8mb4_unicode_ci;

-- Dumping data for table one2one4.failed_jobs: ~0 rows (approximately)
DELETE FROM `failed_jobs`;

-- Dumping structure for table one2one4.galleries
DROP TABLE IF EXISTS `galleries`;
CREATE TABLE IF NOT EXISTS `galleries` (
  `id` bigint unsigned NOT NULL AUTO_INCREMENT,
  `title` varchar(255) COLLATE utf8mb4_unicode_ci NOT NULL,
  `slug` varchar(255) COLLATE utf8mb4_unicode_ci NOT NULL,
  `description` text COLLATE utf8mb4_unicode_ci,
  `category_id` bigint unsigned NOT NULL,
  `image` varchar(255) COLLATE utf8mb4_unicode_ci NOT NULL,
  `is_active` tinyint(1) NOT NULL DEFAULT '1',
  `created_at` timestamp NULL DEFAULT NULL,
  `updated_at` timestamp NULL DEFAULT NULL,
  PRIMARY KEY (`id`),
  UNIQUE KEY `galleries_slug_unique` (`slug`),
  KEY `galleries_category_id_foreign` (`category_id`),
  CONSTRAINT `galleries_category_id_foreign` FOREIGN KEY (`category_id`) REFERENCES `gallery_categories` (`id`) ON DELETE CASCADE
) ENGINE=InnoDB AUTO_INCREMENT=25 DEFAULT CHARSET=utf8mb4 COLLATE=utf8mb4_unicode_ci;

-- Dumping data for table one2one4.galleries: ~18 rows (approximately)
DELETE FROM `galleries`;
INSERT INTO `galleries` (`id`, `title`, `slug`, `description`, `category_id`, `image`, `is_active`, `created_at`, `updated_at`) VALUES
	(1, 'Blood Donate by Kawsar Hosen', 'blood-donate-by-kawsar-hosen', NULL, 1, 'images/gallery/1746523164_6819d41c7a463.jpg', 1, '2025-05-03 06:05:58', '2025-05-06 21:25:45'),
	(2, 'Flood & Food', 'flood-food', NULL, 2, 'images/gallery/1746522314_6819d0ca41e03.jpg', 1, '2025-05-03 06:05:58', '2025-05-06 19:05:14'),
	(3, 'Blood-Team', 'blood-team', NULL, 3, 'images/gallery/1746523051_6819d3abe0d95.jpg', 1, '2025-05-03 06:05:58', '2025-05-06 19:17:31'),
	(4, 'Program', 'program', NULL, 4, 'images/gallery/1746530017_6819eee1bede7.jpg', 1, '2025-05-03 06:05:58', '2025-05-06 21:13:37'),
	(5, 'Dhaka Division Hang Out -2021', 'dhaka-division-hang-out-2021', NULL, 5, 'images/gallery/1746521057_6819cbe1b34fd.jpg', 1, '2025-05-03 06:05:58', '2025-05-06 19:59:30'),
	(6, 'Khagrachari  Program -2020', 'khagrachari-program-2020', NULL, 6, 'images/gallery/1746522925_6819d32d6c18b.jpg', 1, '2025-05-03 06:05:58', '2025-05-06 20:00:11'),
	(13, 'Covid19 Awareness', 'covid19-awareness', NULL, 8, 'images/gallery/1746521572_6819cde4e9355.jpg', 1, '2025-05-06 18:52:52', '2025-05-06 21:09:25'),
	(14, 'Kapasia Gazipur-2025', 'kapasia-gazipur-2025', NULL, 7, 'images/gallery/1746523466_6819d54aaa443.jpg', 1, '2025-05-06 19:24:26', '2025-05-06 19:24:26'),
	(15, 'Patuakhali Program-2023', 'patuakhali-program-2023', NULL, 6, 'images/gallery/1746525424_6819dcf0865a9.jpg', 1, '2025-05-06 19:57:04', '2025-05-06 19:57:04'),
	(16, 'Rajshahi Program-2025', 'rajshahi-program-2025', NULL, 5, 'images/gallery/1746525503_6819dd3f0967a.jpg', 1, '2025-05-06 19:58:23', '2025-05-06 19:58:23'),
	(17, 'Dhaka Division Program-2025', 'dhaka-division-program-2025', NULL, 5, 'images/gallery/1746525956_6819df04d1266.jpg', 1, '2025-05-06 20:05:56', '2025-05-06 20:05:56'),
	(18, 'Bangladesh Blood Donar\'s Foundation', 'bangladesh-blood-donars-foundation', 'Get Together -2025', 9, 'images/gallery/1746527432_6819e4c8225a5.jpg', 1, '2025-05-06 20:30:32', '2025-05-06 20:30:32'),
	(19, 'Blood Donate by Kazi Jarin', 'blood-donate-by-kazi-jarin', NULL, 10, 'images/gallery/1746530820_6819f2040a430.jpg', 1, '2025-05-06 21:27:00', '2025-05-06 21:28:34'),
	(20, 'Blood Donate by Imran & Talha', 'blood-donate-by-imran-talha', NULL, 1, 'images/gallery/1746635872_681b8c6099abc.jpeg', 1, '2025-05-08 02:37:52', '2025-05-08 02:37:52'),
	(21, 'Blood Donate by Munim Khan', 'blood-donate-by-munim-khan', NULL, 1, 'images/gallery/1746636280_681b8df8df111.jpeg', 1, '2025-05-08 02:44:40', '2025-05-08 02:44:40'),
	(22, 'Blood Donate by Himu', 'blood-donate-by-himu', '১০ তম  লাল ভালবাসা উপহার।', 10, 'images/gallery/1746637628_681b933cc2844.jpeg', 1, '2025-05-08 03:07:08', '2025-05-08 03:07:08'),
	(23, 'আয়েশা মায়ের হাসি😊', 'ayesa-mayer-hasi', '🌟 ঘর পেয়েছেন আয়েশা মা: এসএসসি ১২ ও এইচএসসি ১৪ ব্যাচ, নেত্রকোণার মানবিক উদ্যোগ\r\n\r\nআলহামদুলিল্লাহ। এসএসসি ২০১২ ও এইচএসসি ২০১৪ ব্যাচ, নেত্রকোণা জেলার বন্ধুদের সম্মিলিত প্রচেষ্টায় আমরা সফলভাবে একটি মানবিক কর্মসূচি বাস্তবায়ন করতে পেরেছি। নেত্রকোণা জেলার দুর্গাপুর উপজেলার চণ্ডিগড় ইউনিয়নের নয়াগাঁও গ্রামের আয়েশা নামে এক অসহায় বৃদ্ধ মায়ের জন্য নির্মাণ করা হয়েছে একটি ঘর।\r\n\r\nএই উদ্যোগের মাধ্যমে আমরা শুধুমাত্র একটি ঘর নির্মাণ করিনি—আমরা একজন মানুষের জীবনে নিরাপদ আশ্রয়ের নিশ্চয়তা দিতে পেরেছি। এটি আমাদের একতাবদ্ধতা, ভালোবাসা ও দায়িত্ববোধের উজ্জ্বল উদাহরণ।\r\n\r\n---\r\n\r\n📋 আয়-ব্যয়ের সংক্ষিপ্ত হিসাব:\r\n\r\n- *নির্মাণ সামগ্রীর খরচ:* ৳৭১,২৬০  \r\n- *মিস্ত্রি খরচ:* ৳১৩,০০০  \r\n- *মিলাদ আয়োজন:* ৳৪০০  \r\n-  \r\n✅ *মোট খরচ:* ৳৮৪,৬৬০  \r\n💰 *উত্তোলিত অর্থ:* ৳৭৫,০০০  \r\n\r\n*বাকি অর্থ অংশীদার সদস্যদের স্বেচ্ছায় যোগদান ও আংশিক অনুদানের মাধ্যমে পূরণ করা হয়েছে।*\r\n\r\n---\r\n\r\n🤝 আয়োজক ও সহযোগিতা:\r\n\r\n- *ইভেন্ট বাস্তবায়নে:* এসএসসি ২০১২ ও এইচএসসি ২০১৪ ব্যাচ, নেত্রকোণা জেলা  \r\n- *সার্বিক সহযোগিতায়:* এসএসসি ২০১২ ও এইচএসসি ২০১৪ ব্যাচ, বাংলাদেশ  \r\n\r\n---\r\n\r\n🙏 কৃতজ্ঞতা ও আহ্বান:\r\n\r\nএই মহতী কর্মযজ্ঞে যারা সরাসরি ও পরোক্ষভাবে সহযোগিতা করেছেন—সকলের প্রতি জানাই আন্তরিক কৃতজ্ঞতা। ভবিষ্যতেও আমরা একসাথে থেকে আরও অনেক জীবনকে ছুঁয়ে যেতে চাই।\r\n\r\n*আমরা স্বপ্ন দেখি একটি মানবিক বাংলাদেশের, যেখানে বন্ধুত্ব হবে শক্তি আর সহানুভূতি হবে পথ।*\r\n\r\n---', 12, 'images/gallery/1746966842_6820993aad949.jpeg', 1, '2025-05-11 22:34:02', '2025-05-12 01:18:48'),
	(24, 'Blood Donate By Yeasir Arafat', 'blood-donate-by-yeasir-arafat', '12th Donation', 1, 'images/gallery/1747581223_6829f92701745.jpg', 1, '2025-05-19 01:13:43', '2025-05-19 01:13:43');

-- Dumping structure for table one2one4.gallery_categories
DROP TABLE IF EXISTS `gallery_categories`;
CREATE TABLE IF NOT EXISTS `gallery_categories` (
  `id` bigint unsigned NOT NULL AUTO_INCREMENT,
  `name` varchar(255) COLLATE utf8mb4_unicode_ci NOT NULL,
  `slug` varchar(255) COLLATE utf8mb4_unicode_ci NOT NULL,
  `description` text COLLATE utf8mb4_unicode_ci,
  `is_active` tinyint(1) NOT NULL DEFAULT '1',
  `created_at` timestamp NULL DEFAULT NULL,
  `updated_at` timestamp NULL DEFAULT NULL,
  PRIMARY KEY (`id`),
  UNIQUE KEY `gallery_categories_slug_unique` (`slug`)
) ENGINE=InnoDB AUTO_INCREMENT=13 DEFAULT CHARSET=utf8mb4 COLLATE=utf8mb4_unicode_ci;

-- Dumping data for table one2one4.gallery_categories: ~12 rows (approximately)
DELETE FROM `gallery_categories`;
INSERT INTO `gallery_categories` (`id`, `name`, `slug`, `description`, `is_active`, `created_at`, `updated_at`) VALUES
	(1, 'Blood Donation (Male)', 'blood-donation-male', NULL, 1, '2025-05-03 06:05:58', '2025-05-06 21:27:37'),
	(2, 'OneTwoOneFour-Help Event', 'onetwoonefour-help-event', NULL, 1, '2025-05-03 06:05:58', '2025-05-06 17:59:23'),
	(3, 'OneTwoOneFour-Blood Team Programs', 'onetwoonefour-blood-team-programs', NULL, 1, '2025-05-03 06:05:58', '2025-05-06 17:58:24'),
	(4, 'OneTwoOneFour-Central Programs', 'onetwoonefour-central-programs', NULL, 1, '2025-05-03 06:05:58', '2025-05-06 17:55:49'),
	(5, 'OneTwoOneFour-Division Program', 'onetwoonefour-division-program', NULL, 1, '2025-05-03 06:05:58', '2025-05-06 17:55:32'),
	(6, 'OneTwoOneFour-District Program', 'onetwoonefour-district-program', NULL, 1, '2025-05-03 06:05:58', '2025-05-06 17:56:44'),
	(7, 'OneTwoOneFour-Oldage Home Event', 'onetwoonefour-oldage-home-event', NULL, 1, '2025-05-06 18:29:07', '2025-05-06 18:29:07'),
	(8, 'Social Awareness', 'social-awareness', NULL, 1, '2025-05-06 18:30:00', '2025-05-06 18:30:00'),
	(9, 'Our Heroes With Outer Blood Program', 'our-heroes-with-outer-blood-program', NULL, 1, '2025-05-06 20:23:55', '2025-05-06 20:23:55'),
	(10, 'Blood Donation (Female)', 'blood-donation-female', NULL, 1, '2025-05-06 21:27:59', '2025-05-06 21:27:59'),
	(11, 'Project- Self-Reliance', 'project-self-reliance', NULL, 1, '2025-05-11 22:14:01', '2025-05-11 22:14:01'),
	(12, 'We Stand With Helpless and Deprived', 'we-stand-with-helpless-and-deprived', NULL, 1, '2025-05-11 22:21:39', '2025-05-11 22:21:39');

-- Dumping structure for table one2one4.gallery_images
DROP TABLE IF EXISTS `gallery_images`;
CREATE TABLE IF NOT EXISTS `gallery_images` (
  `id` bigint unsigned NOT NULL AUTO_INCREMENT,
  `gallery_id` bigint unsigned NOT NULL,
  `image` varchar(255) COLLATE utf8mb4_unicode_ci NOT NULL,
  `sort_order` int NOT NULL DEFAULT '0',
  `is_active` tinyint(1) NOT NULL DEFAULT '1',
  `created_at` timestamp NULL DEFAULT NULL,
  `updated_at` timestamp NULL DEFAULT NULL,
  PRIMARY KEY (`id`),
  KEY `gallery_images_gallery_id_foreign` (`gallery_id`),
  CONSTRAINT `gallery_images_gallery_id_foreign` FOREIGN KEY (`gallery_id`) REFERENCES `galleries` (`id`) ON DELETE CASCADE
) ENGINE=InnoDB AUTO_INCREMENT=67 DEFAULT CHARSET=utf8mb4 COLLATE=utf8mb4_unicode_ci;

-- Dumping data for table one2one4.gallery_images: ~31 rows (approximately)
DELETE FROM `gallery_images`;
INSERT INTO `gallery_images` (`id`, `gallery_id`, `image`, `sort_order`, `is_active`, `created_at`, `updated_at`) VALUES
	(35, 4, 'images/gallery/1746520639_6819ca3f745e8_6.jpg', 2, 1, '2025-05-06 18:37:19', '2025-05-06 21:13:30'),
	(36, 4, 'images/gallery/1746520729_6819ca9939f21_3.jpg', 3, 1, '2025-05-06 18:38:49', '2025-05-06 21:13:30'),
	(37, 4, 'images/gallery/1746520729_6819ca993bce8_4.jpg', 4, 1, '2025-05-06 18:38:49', '2025-05-06 21:13:30'),
	(38, 4, 'images/gallery/1746520729_6819ca993cc0d_5.jpg', 5, 1, '2025-05-06 18:38:49', '2025-05-06 21:13:30'),
	(39, 4, 'images/gallery/1746520729_6819ca99417a0_6.jpg', 6, 1, '2025-05-06 18:38:49', '2025-05-06 21:13:30'),
	(40, 4, 'images/gallery/1746520729_6819ca9944c7c_7.jpg', 7, 1, '2025-05-06 18:38:49', '2025-05-06 21:13:30'),
	(41, 4, 'images/gallery/1746520729_6819ca9948485_8.jpg', 8, 1, '2025-05-06 18:38:49', '2025-05-06 21:13:30'),
	(42, 4, 'images/gallery/1746520729_6819ca9950314_9.jpg', 1, 1, '2025-05-06 18:38:49', '2025-05-06 21:13:30'),
	(43, 13, 'images/gallery/1746521572_6819cde4f0204_1.jpg', 1, 1, '2025-05-06 18:52:52', '2025-05-06 18:52:52'),
	(44, 13, 'images/gallery/1746521573_6819cde506c21_2.jpg', 2, 1, '2025-05-06 18:52:53', '2025-05-06 18:52:53'),
	(45, 2, 'images/gallery/1746522314_6819d0ca4f172_1.jpg', 1, 1, '2025-05-06 19:05:14', '2025-05-06 19:05:14'),
	(46, 2, 'images/gallery/1746522314_6819d0ca50cd4_2.jpg', 2, 1, '2025-05-06 19:05:14', '2025-05-06 19:05:14'),
	(47, 2, 'images/gallery/1746522314_6819d0ca526ad_3.jpg', 3, 1, '2025-05-06 19:05:14', '2025-05-06 19:05:14'),
	(48, 2, 'images/gallery/1746522314_6819d0ca5a58e_4.jpg', 4, 1, '2025-05-06 19:05:14', '2025-05-06 19:05:14'),
	(50, 3, 'images/gallery/1746523516_6819d57cd883f_1.jpg', 1, 1, '2025-05-06 19:25:16', '2025-05-06 19:25:16'),
	(51, 15, 'images/gallery/1746525424_6819dcf09b597_1.jpg', 1, 1, '2025-05-06 19:57:04', '2025-05-06 19:57:04'),
	(52, 15, 'images/gallery/1746525424_6819dcf0b0ccb_2.jpg', 2, 1, '2025-05-06 19:57:04', '2025-05-06 19:57:04'),
	(53, 16, 'images/gallery/1746525503_6819dd3f105f9_1.jpg', 1, 1, '2025-05-06 19:58:23', '2025-05-06 19:58:23'),
	(54, 19, 'images/gallery/1746530820_6819f20410b5b_1.jpg', 1, 1, '2025-05-06 21:27:00', '2025-05-06 21:27:00'),
	(55, 22, 'images/gallery/1746637628_681b933cc934c_1.jpeg', 1, 1, '2025-05-08 03:07:08', '2025-05-08 03:07:08'),
	(56, 22, 'images/gallery/1746637628_681b933ccc9b5_2.jpeg', 2, 1, '2025-05-08 03:07:08', '2025-05-08 03:07:08'),
	(57, 22, 'images/gallery/1746637628_681b933ccdd87_3.jpeg', 3, 1, '2025-05-08 03:07:08', '2025-05-08 03:07:08'),
	(58, 22, 'images/gallery/1746637628_681b933cd0d56_4.jpeg', 4, 1, '2025-05-08 03:07:08', '2025-05-08 03:07:08'),
	(59, 22, 'images/gallery/1746637628_681b933cd30cc_5.jpeg', 5, 1, '2025-05-08 03:07:08', '2025-05-08 03:07:08'),
	(60, 22, 'images/gallery/1746637773_681b93cdf421a_6.jpeg', 6, 1, '2025-05-08 03:09:34', '2025-05-08 03:09:34'),
	(61, 23, 'images/gallery/1746966842_6820993abd453_1.jpeg', 1, 1, '2025-05-11 22:34:02', '2025-05-11 22:34:02'),
	(62, 23, 'images/gallery/1746975127_6820b997b0035_2.jpg', 2, 1, '2025-05-12 00:52:07', '2025-05-12 00:52:07'),
	(63, 23, 'images/gallery/1746975127_6820b997b4255_3.jpg', 3, 1, '2025-05-12 00:52:07', '2025-05-12 00:52:07'),
	(64, 23, 'images/gallery/1746975127_6820b997b5613_4.jpg', 4, 1, '2025-05-12 00:52:07', '2025-05-12 00:52:07'),
	(65, 24, 'images/gallery/1747581223_6829f9270693f_1.jpg', 1, 1, '2025-05-19 01:13:43', '2025-05-19 01:13:43'),
	(66, 24, 'images/gallery/1747581223_6829f9270dff7_2.jpg', 2, 1, '2025-05-19 01:13:43', '2025-05-19 01:13:43');

-- Dumping structure for table one2one4.internal_programs
DROP TABLE IF EXISTS `internal_programs`;
CREATE TABLE IF NOT EXISTS `internal_programs` (
  `id` bigint unsigned NOT NULL AUTO_INCREMENT,
  `name` varchar(255) COLLATE utf8mb4_unicode_ci NOT NULL,
  `phone` varchar(255) COLLATE utf8mb4_unicode_ci NOT NULL,
  `email` varchar(255) COLLATE utf8mb4_unicode_ci DEFAULT NULL,
  `blood_group` varchar(255) COLLATE utf8mb4_unicode_ci NOT NULL,
  `upazila_id` bigint unsigned DEFAULT NULL,
  `tshirt_size` varchar(255) COLLATE utf8mb4_unicode_ci NOT NULL,
  `payment_method` varchar(255) COLLATE utf8mb4_unicode_ci NOT NULL,
  `payment_amount` varchar(255) COLLATE utf8mb4_unicode_ci DEFAULT NULL,
  `event_id` bigint unsigned DEFAULT NULL,
  `trx_id` varchar(255) COLLATE utf8mb4_unicode_ci DEFAULT NULL,
  `screenshot` varchar(255) COLLATE utf8mb4_unicode_ci DEFAULT NULL,
  `status` enum('pending','approved','rejected') COLLATE utf8mb4_unicode_ci NOT NULL DEFAULT 'pending',
  `created_at` timestamp NULL DEFAULT NULL,
  `updated_at` timestamp NULL DEFAULT NULL,
  `deleted_at` timestamp NULL DEFAULT NULL,
  PRIMARY KEY (`id`),
  KEY `internal_programs_upazila_id_foreign` (`upazila_id`),
  KEY `internal_programs_event_id_foreign` (`event_id`),
  CONSTRAINT `internal_programs_event_id_foreign` FOREIGN KEY (`event_id`) REFERENCES `events` (`id`) ON DELETE SET NULL,
  CONSTRAINT `internal_programs_upazila_id_foreign` FOREIGN KEY (`upazila_id`) REFERENCES `upazilas` (`id`) ON DELETE SET NULL
) ENGINE=InnoDB AUTO_INCREMENT=10 DEFAULT CHARSET=utf8mb4 COLLATE=utf8mb4_unicode_ci;

-- Dumping data for table one2one4.internal_programs: ~0 rows (approximately)
DELETE FROM `internal_programs`;
INSERT INTO `internal_programs` (`id`, `name`, `phone`, `email`, `blood_group`, `upazila_id`, `tshirt_size`, `payment_method`, `payment_amount`, `event_id`, `trx_id`, `screenshot`, `status`, `created_at`, `updated_at`, `deleted_at`) VALUES
	(1, 'Ariyan Abbas', '016119409345', NULL, 'B+', 12, 'M', 'bKash', '100', NULL, 'txe-dkdlf', 'images/internal_programs/1751059073_EbWShLkDiL.png', 'approved', '2025-06-27 21:17:53', '2025-06-27 23:08:56', NULL),
	(2, 'Ariyan Abbas dfdsfds', '01742184298', 'admin@gmail.com', 'A-', 141, 'M', 'bKash', '100', 2, 'd', 'images/internal_programs/1751059408_CtVOLeL3Vo.png', 'approved', '2025-06-27 21:23:28', '2025-06-27 23:06:13', NULL),
	(3, 'Super Admin', '016119409345', 'aiolimited123@gmail.com', 'A-', 435, 'S', 'bKash', NULL, 1, NULL, 'images/internal_programs/1751059474_SZ5T0YjPsI.png', 'pending', '2025-06-27 21:24:34', '2025-06-27 21:24:34', NULL),
	(4, 'Naim adsfd', '016119409345', 'admin@gmail.com', 'A-', 73, 'M', 'bKash', '2000', 1, NULL, 'images/internal_programs/1751059648_8zqRDKQNmH.png', 'pending', '2025-06-27 21:27:28', '2025-06-27 23:26:03', NULL),
	(5, 'Ariyan Abbas crate', '016119409345', NULL, 'A+', 372, 'S', 'Cash', '300', 2, NULL, NULL, 'pending', '2025-06-27 22:10:17', '2025-06-27 23:22:58', NULL),
	(6, 'Ariyan Abbas', '016119409345', NULL, 'A+', 369, 'S', 'Cash', '200', 1, NULL, NULL, 'approved', '2025-06-27 23:22:35', '2025-06-27 23:22:35', NULL),
	(7, 'Ariyan Abbas dfdsf sd', '01611940955', NULL, 'A+', 74, 'M', 'Cash', '150', 1, NULL, NULL, 'approved', '2025-06-27 23:26:58', '2025-06-27 23:26:58', NULL),
	(8, 'Super Admin dsf d', '016119409345', 'admin@gmail.com', 'A+', 430, 'L', 'Nagad', NULL, 1, NULL, 'images/internal_programs/1751066947_OU7gu9lLjx.png', 'pending', '2025-06-27 23:29:07', '2025-06-27 23:29:07', NULL),
	(9, 'Ariyan Abbas', '016119409345', 'admin@gmail.com', 'B-', 440, 'M', 'Nagad', '200', 2, NULL, 'images/internal_programs/1751067303_9Lg00EP2sg.jpg', 'approved', '2025-06-27 23:35:03', '2025-06-27 23:39:03', NULL);

-- Dumping structure for table one2one4.jobs
DROP TABLE IF EXISTS `jobs`;
CREATE TABLE IF NOT EXISTS `jobs` (
  `id` bigint unsigned NOT NULL AUTO_INCREMENT,
  `queue` varchar(255) COLLATE utf8mb4_unicode_ci NOT NULL,
  `payload` longtext COLLATE utf8mb4_unicode_ci NOT NULL,
  `attempts` tinyint unsigned NOT NULL,
  `reserved_at` int unsigned DEFAULT NULL,
  `available_at` int unsigned NOT NULL,
  `created_at` int unsigned NOT NULL,
  PRIMARY KEY (`id`),
  KEY `jobs_queue_index` (`queue`)
) ENGINE=InnoDB DEFAULT CHARSET=utf8mb4 COLLATE=utf8mb4_unicode_ci;

-- Dumping data for table one2one4.jobs: ~0 rows (approximately)
DELETE FROM `jobs`;

-- Dumping structure for table one2one4.locations
DROP TABLE IF EXISTS `locations`;
CREATE TABLE IF NOT EXISTS `locations` (
  `id` bigint unsigned NOT NULL AUTO_INCREMENT,
  `user_id` bigint unsigned NOT NULL,
  `type` enum('permanent','present') COLLATE utf8mb4_unicode_ci NOT NULL,
  `division_id` bigint unsigned DEFAULT NULL,
  `district_id` bigint unsigned DEFAULT NULL,
  `upazila_id` bigint unsigned DEFAULT NULL,
  `address` text COLLATE utf8mb4_unicode_ci,
  `created_at` timestamp NULL DEFAULT NULL,
  `updated_at` timestamp NULL DEFAULT NULL,
  PRIMARY KEY (`id`),
  UNIQUE KEY `locations_user_id_type_unique` (`user_id`,`type`),
  KEY `locations_division_id_foreign` (`division_id`),
  KEY `locations_district_id_foreign` (`district_id`),
  KEY `locations_upazila_id_foreign` (`upazila_id`),
  CONSTRAINT `locations_district_id_foreign` FOREIGN KEY (`district_id`) REFERENCES `districts` (`id`) ON DELETE SET NULL,
  CONSTRAINT `locations_division_id_foreign` FOREIGN KEY (`division_id`) REFERENCES `divisions` (`id`) ON DELETE SET NULL,
  CONSTRAINT `locations_upazila_id_foreign` FOREIGN KEY (`upazila_id`) REFERENCES `upazilas` (`id`) ON DELETE SET NULL,
  CONSTRAINT `locations_user_id_foreign` FOREIGN KEY (`user_id`) REFERENCES `users` (`id`) ON DELETE CASCADE
) ENGINE=InnoDB AUTO_INCREMENT=260 DEFAULT CHARSET=utf8mb4 COLLATE=utf8mb4_unicode_ci;

-- Dumping data for table one2one4.locations: ~188 rows (approximately)
DELETE FROM `locations`;
INSERT INTO `locations` (`id`, `user_id`, `type`, `division_id`, `district_id`, `upazila_id`, `address`, `created_at`, `updated_at`) VALUES
	(55, 28, 'permanent', 1, 20, 48, 'N/A', '2025-05-04 17:44:49', '2025-05-05 21:34:01'),
	(56, 28, 'present', 1, 2, 385, 'N/A', '2025-05-04 17:44:49', '2025-05-05 21:34:01'),
	(57, 30, 'permanent', 3, 30, 158, 'Bogura /shajahanpur/', '2025-05-05 19:46:26', '2025-05-05 19:46:26'),
	(58, 30, 'present', 5, 45, 362, 'Chor samaiya. Shantir hat', '2025-05-05 19:46:26', '2025-05-05 19:46:26'),
	(59, 32, 'permanent', 1, 1, 40, 'House no 21 Rode no 04 block F banasree Rampura Dhaka 1219', '2025-05-05 20:07:28', '2025-05-05 20:07:28'),
	(60, 32, 'present', 1, 1, 40, 'House 21 Rode no 04 Block F banasree Rampura Dhaka 1219', '2025-05-05 20:07:28', '2025-05-05 20:07:28'),
	(61, 33, 'permanent', 5, 43, 340, 'Gachani,Dashmina.', '2025-05-05 20:21:03', '2025-05-05 20:21:03'),
	(62, 33, 'present', 1, 1, 37, 'Shonir akhra, Jatrabari, Dhaka', '2025-05-05 20:21:03', '2025-05-05 20:21:03'),
	(63, 35, 'permanent', 2, 60, 90, 'South Ovirampur, 4no Alaiyarpur', '2025-05-05 20:55:33', '2025-05-05 20:55:33'),
	(64, 35, 'present', 1, 1, 37, '173 Shopnokunjo, West Kafrul,Taltola,Agargaon', '2025-05-05 20:55:33', '2025-05-05 20:55:33'),
	(65, 36, 'permanent', 4, 53, 271, 'Vill:Ghasiara, Post: Nakol-7612', '2025-05-05 21:04:54', '2025-05-05 21:04:54'),
	(66, 36, 'present', 1, 1, 2, 'Mirpur 1 Dhaka-1216', '2025-05-05 21:04:54', '2025-05-05 21:04:54'),
	(67, 38, 'permanent', 1, 2, 384, 'gazipur', '2025-05-05 22:18:10', '2025-05-05 22:18:10'),
	(68, 38, 'present', 1, 2, 384, 'Gazipur', '2025-05-05 22:18:10', '2025-05-05 22:18:10'),
	(69, 39, 'permanent', 3, 31, 183, 'Raghunathpur,salampur,lalpur, Natore', '2025-05-05 22:29:05', '2025-05-05 22:29:05'),
	(70, 39, 'present', 1, 2, 384, 'Chowrasta,  Gagipur', '2025-05-05 22:29:05', '2025-05-05 22:29:05'),
	(71, 41, 'permanent', 4, 55, 296, 'Vill:Borobamondah', '2025-05-06 02:07:25', '2025-05-06 02:07:25'),
	(72, 41, 'present', 1, 1, 38, 'Motijheel', '2025-05-06 02:07:25', '2025-05-06 02:07:25'),
	(73, 43, 'permanent', 2, 61, 108, 'Fatehpur.tulpai', '2025-05-06 02:37:21', '2025-05-06 02:37:21'),
	(74, 43, 'present', 1, 1, 38, 'Staff quarter (Demra)', '2025-05-06 02:37:21', '2025-05-06 02:37:21'),
	(75, 45, 'permanent', 1, 16, 427, 'Kanchonnagar Jamirta Singair Manikganj', '2025-05-06 03:02:39', '2025-05-06 03:02:39'),
	(76, 45, 'present', 1, 1, 38, '11/a koltabazar Sutrapur Dhaka', '2025-05-06 03:02:40', '2025-05-06 03:02:40'),
	(77, 40, 'permanent', 4, 48, 218, 'Pathorghata, Jhaudanga', '2025-05-06 03:10:50', '2025-05-06 03:10:50'),
	(78, 40, 'present', 2, 5, 115, 'Ramu Cantonment', '2025-05-06 03:10:50', '2025-05-06 03:10:50'),
	(79, 44, 'permanent', 4, 49, 133, 'ANANDABASH', '2025-05-06 03:12:23', '2025-05-06 03:12:23'),
	(80, 44, 'present', 2, 63, 118, 'BGB BABUCHORA', '2025-05-06 03:12:23', '2025-05-06 03:12:23'),
	(81, 37, 'permanent', 5, 44, 350, 'Rahutkata', '2025-05-06 03:19:57', '2025-05-06 03:19:57'),
	(82, 37, 'present', 5, 46, 370, 'Police line barguna', '2025-05-06 03:19:57', '2025-05-06 03:19:57'),
	(83, 46, 'permanent', 7, 37, 474, 'Ramonigonj, Barokhata,', '2025-05-06 03:33:11', '2025-05-06 03:33:11'),
	(84, 46, 'present', 1, 1, 38, '363/4,road-36,South goran.Khilgaon, Dhaka', '2025-05-06 03:33:11', '2025-05-06 03:33:11'),
	(85, 48, 'permanent', 2, 62, 106, '251/A Tejgaon I/A, Dhaka 1208, Bangladesh', '2025-05-06 04:13:26', '2025-05-06 04:13:26'),
	(86, 48, 'present', 2, 62, 106, 'Ramgati, laxmipur.', '2025-05-06 04:13:26', '2025-05-06 04:13:26'),
	(87, 49, 'permanent', 5, 45, 365, 'Uttor Joynagar, 7 No Ward', '2025-05-06 04:27:11', '2025-05-06 04:27:11'),
	(88, 49, 'present', 1, 1, 38, 'East Maniknagar, Mugdha Dhaka-1203', '2025-05-06 04:27:11', '2025-05-06 04:27:11'),
	(89, 52, 'permanent', 2, 4, 68, 'Akbarshah pahartali', '2025-05-06 06:42:06', '2025-05-06 06:42:06'),
	(90, 52, 'present', 2, 4, 68, 'Akbarshah pahartali', '2025-05-06 06:42:06', '2025-05-06 06:42:06'),
	(91, 53, 'permanent', 2, 56, 24, 'nangalkot', '2025-05-06 10:34:52', '2025-05-06 10:34:52'),
	(92, 53, 'present', 2, 56, 24, 'nangalkot', '2025-05-06 10:34:53', '2025-05-06 10:34:53'),
	(93, 54, 'permanent', 3, 29, 148, 'Vill: Satbaria, P.s. Sujanagar, Pabna', '2025-05-06 12:57:12', '2025-05-06 12:57:12'),
	(94, 54, 'present', 3, 29, 148, 'Vill: Satbaria, P.s. Sujanagar, Pabna', '2025-05-06 12:57:12', '2025-05-06 12:57:12'),
	(95, 57, 'permanent', 3, 34, 197, 'Badalgachi. Naogaon', '2025-05-06 16:38:47', '2025-05-06 16:38:47'),
	(96, 57, 'present', 3, 34, 197, 'Badalgachi. Naogaon', '2025-05-06 16:38:47', '2025-05-06 16:38:47'),
	(97, 47, 'permanent', 4, 54, 285, 'খানকা শরিফ, দশআনি, সদর, বাগেরহাট', '2025-05-06 20:44:05', '2025-05-06 20:44:05'),
	(98, 47, 'present', 4, 54, 285, 'খানকা শরিফ, দশআনি, সদর, বাগেরহাট', '2025-05-06 20:44:05', '2025-05-06 20:44:05'),
	(99, 58, 'permanent', 5, 45, 362, 'Bhola sadar Bhola', '2025-05-06 23:09:49', '2025-05-06 23:09:49'),
	(100, 58, 'present', 5, 45, 362, 'Alinagor, bhola', '2025-05-06 23:09:49', '2025-05-06 23:09:49'),
	(101, 60, 'permanent', 8, 11, 312, 'লামকাইন, পাঁচবাগ, পাগলা,গফরগাঁও, ময়মনসিংহ।', '2025-05-06 23:26:17', '2025-05-06 23:26:17'),
	(102, 60, 'present', 8, 11, 312, 'লামকাইন, পাঁচবাগ, পাগলা,গফরগাঁও, ময়মনসিংহ।', '2025-05-06 23:26:17', '2025-05-06 23:26:17'),
	(103, 59, 'permanent', 1, 13, 391, 'Sidya', '2025-05-07 00:04:07', '2025-05-07 00:04:07'),
	(104, 59, 'present', 2, 64, 128, 'BGB', '2025-05-07 00:04:07', '2025-05-07 00:04:07'),
	(105, 62, 'permanent', 3, 29, 155, 'Sreedhorkura, santhia, pabna', '2025-05-07 00:12:22', '2025-05-07 00:12:22'),
	(106, 62, 'present', 3, 29, 155, 'Sreedhorkura, santhia, pabna', '2025-05-07 00:12:22', '2025-05-07 00:12:22'),
	(107, 63, 'permanent', 2, 4, 55, '14 no. Haitkandi, kamar Ali bazar.', '2025-05-07 00:21:48', '2025-05-07 00:21:48'),
	(108, 63, 'present', 2, 4, 55, '14 no. Haitkandi, Kamar Ali bazar', '2025-05-07 00:21:48', '2025-05-07 00:21:48'),
	(111, 65, 'permanent', 2, 61, 102, 'Bodorpur, Munshi bari, Tora Munshirhat', '2025-05-07 00:27:00', '2025-05-07 00:27:00'),
	(112, 65, 'present', 1, 1, 4, 'Nodda, Kalachandpur', '2025-05-07 00:27:00', '2025-05-07 00:27:00'),
	(113, 66, 'permanent', 2, 63, 119, 'Panchari', '2025-05-07 00:33:28', '2025-05-07 00:33:28'),
	(114, 66, 'present', 2, 63, 119, 'Panchari', '2025-05-07 00:33:28', '2025-05-07 00:33:28'),
	(115, 68, 'permanent', 2, 60, 92, 'গ্রাম পুর্ব চর মজিদ,পোষ্ট আনছার মিয়ার হাট,,যোবায়ের বাজার পুর্ব পাসে চান্দু মার্কেট, বাড়ি হাজী মো মোস্তফা মিয়ার বাড়ী', '2025-05-07 05:22:06', '2025-05-07 05:22:06'),
	(116, 68, 'present', 2, 62, 104, 'হাজীর হাট দক্ষিণ মাথা K.S Network Ltd,', '2025-05-07 05:22:06', '2025-05-07 05:22:06'),
	(117, 69, 'permanent', 2, 57, 47, 'Feni,Bangladesh', '2025-05-07 07:17:51', '2025-05-07 07:17:51'),
	(118, 69, 'present', 1, 1, 37, 'Uttara', '2025-05-07 07:17:51', '2025-05-07 07:17:51'),
	(119, 71, 'permanent', 1, 1, 37, '290 West Nakhalpara Tejgaon', '2025-05-07 16:31:03', '2025-05-07 16:31:03'),
	(120, 71, 'present', 1, 1, 37, '290 West Nakhalpara Tejgaon.', '2025-05-07 16:31:03', '2025-05-07 16:31:03'),
	(121, 72, 'permanent', 1, 2, 384, 'Kashimpur', '2025-05-07 19:21:18', '2025-05-07 19:21:18'),
	(122, 72, 'present', 1, 2, 384, 'Kashimpur', '2025-05-07 19:21:18', '2025-05-07 19:21:18'),
	(125, 75, 'permanent', 2, 4, 68, 'Chawkbazar,  Chittagong', '2025-05-07 22:29:45', '2025-05-07 22:29:45'),
	(126, 75, 'present', 2, 4, 68, 'Chawkbazar, Chittagong', '2025-05-07 22:29:45', '2025-05-07 22:29:45'),
	(127, 76, 'permanent', 5, 46, 370, '68, EAST KAWRABUNIA', '2025-05-08 01:42:07', '2025-05-08 01:42:07'),
	(128, 76, 'present', 1, 1, 38, 'Lalbag', '2025-05-08 01:42:07', '2025-05-08 01:42:07'),
	(129, 77, 'permanent', 8, 26, 321, 'Chargolabari', '2025-05-08 02:00:38', '2025-05-08 02:00:38'),
	(130, 77, 'present', 1, 1, 5, 'Diyabari,sector-15', '2025-05-08 02:00:38', '2025-05-08 02:00:38'),
	(131, 80, 'permanent', 4, 7, 514, 'Bakshi para lane, moylapota,sonadanga, khulna', '2025-05-08 03:06:15', '2025-05-08 03:06:15'),
	(132, 80, 'present', 4, 7, 514, 'Sonadanga R/A 2nd phase,road no.12,sonadanga,khulna', '2025-05-08 03:06:15', '2025-05-08 03:06:15'),
	(133, 81, 'permanent', 7, 39, 484, 'Shaplamil, Gaibandha', '2025-05-08 03:11:50', '2025-05-08 03:11:50'),
	(134, 81, 'present', 1, 1, 2, 'Mirpur 10', '2025-05-08 03:11:50', '2025-05-08 03:11:50'),
	(135, 83, 'permanent', 2, 61, 102, 'Hazi bari, Daicho,Chandra Bazar 3651', '2025-05-08 12:53:42', '2025-05-08 12:53:42'),
	(136, 83, 'present', 1, 1, 1, 'Elephant road', '2025-05-08 12:53:42', '2025-05-08 12:53:42'),
	(137, 85, 'permanent', 1, 1, 2, '31/B Middle Paikpara mirpur-1', '2025-05-08 20:41:31', '2025-05-08 20:41:31'),
	(138, 85, 'present', 1, 1, 2, '31/B Middle paikpara', '2025-05-08 20:41:31', '2025-05-08 20:41:31'),
	(139, 87, 'permanent', 2, 5, 115, 'Mowlovi Para, Joarianala, Ramu,Cox’s Bazar', '2025-05-09 16:31:05', '2025-05-09 16:31:05'),
	(140, 87, 'present', 2, 5, 115, 'Mowlovi Para, Joarianala, Ramu,Cox’s Bazar', '2025-05-09 16:31:05', '2025-05-09 16:31:05'),
	(141, 88, 'permanent', 1, 20, 48, 'Malaysia', '2025-05-10 18:27:00', '2025-05-10 18:27:00'),
	(142, 88, 'present', 1, 20, 48, 'Malaysia', '2025-05-10 18:27:00', '2025-05-10 18:27:00'),
	(143, 89, 'permanent', 4, 51, 263, 'Islamput, Doulotganj-5230,Jibannagar, Chuadanga', '2025-05-10 18:49:05', '2025-05-10 18:49:05'),
	(144, 89, 'present', 1, 1, 40, 'JM Bari, Uttor Badda, Dhaka', '2025-05-10 18:49:05', '2025-05-10 18:49:05'),
	(149, 92, 'permanent', 5, 46, 369, 'West Kewabunia, Amtoli, Barguna', '2025-05-19 01:18:15', '2025-05-19 01:18:15'),
	(150, 92, 'present', 5, 43, 338, '2 No Badhghat, Patuakhali Sadar, Patuakhali', '2025-05-19 01:18:15', '2025-05-19 01:18:15'),
	(151, 95, 'present', 3, 6, 12, 'Rajshahi', '2025-05-23 02:18:40', '2025-05-23 02:18:40'),
	(152, 95, 'permanent', 3, 6, 12, 'Rajshahi', '2025-05-23 02:24:18', '2025-05-23 02:24:18'),
	(153, 101, 'permanent', 8, 11, 307, 'Dapunia kandapara', '2025-05-26 02:43:30', '2025-05-26 02:43:30'),
	(154, 101, 'present', 1, 1, 5, 'H-08, Road-15, Sector-12, Uttara, Dhaka', '2025-05-26 02:43:30', '2025-05-26 02:43:30'),
	(155, 104, 'permanent', 8, 27, 324, 'Durgapur', '2025-05-26 07:19:00', '2025-05-26 07:19:00'),
	(156, 104, 'present', 1, 3, 395, 'Gawchiya', '2025-05-26 07:19:00', '2025-05-26 07:19:00'),
	(157, 106, 'permanent', 4, 7, 514, 'Khulna', '2025-05-28 02:02:20', '2025-05-28 02:02:20'),
	(158, 106, 'present', 4, 7, 514, 'Khulna', '2025-05-28 02:02:20', '2025-05-28 02:02:20'),
	(159, 108, 'permanent', 2, 57, 43, 'Vill: Ashwadia, Post: Fakirhat, Feni Sadar, Feni', '2025-05-28 17:10:51', '2025-05-28 17:10:51'),
	(160, 108, 'present', 1, 1, 2, 'House: 12, Lane: 5, Block: A, Section: 6, Dhaka - 1216', '2025-05-28 17:10:51', '2025-05-28 17:10:51'),
	(161, 109, 'permanent', 2, 62, 106, 'Ramgati Bazar, Ramgati , Laxmipur.', '2025-05-29 02:19:35', '2025-05-29 02:19:35'),
	(162, 109, 'present', 1, 1, 38, 'chand masjid Road Kamranghir Char Dhaka.', '2025-05-29 02:19:35', '2025-05-29 02:19:35'),
	(163, 112, 'permanent', 1, 1, 2, '20/3/A, East shewrapara Kafrul Dhaka', '2025-06-01 00:22:59', '2025-06-01 00:22:59'),
	(164, 112, 'present', 1, 1, 2, '20/3/A, East shewrapara Kafrul Dhaka', '2025-06-01 00:22:59', '2025-06-01 00:22:59'),
	(165, 113, 'permanent', 1, 2, 385, 'Mawna', '2025-06-01 02:47:51', '2025-06-01 02:47:51'),
	(166, 113, 'present', 1, 2, 385, 'Mawna', '2025-06-01 02:47:51', '2025-06-01 02:47:51'),
	(167, 114, 'present', 1, 2, 384, NULL, '2025-06-08 00:26:37', '2025-06-08 00:26:37'),
	(168, 115, 'present', 1, 2, 384, 'Memberbari, Bhabanipur, Gazipur', '2025-06-12 19:06:22', '2025-06-12 19:09:16'),
	(169, 115, 'permanent', 1, 2, 384, 'Memberbari, Bhabanipur, Gazipur', '2025-06-12 19:09:16', '2025-06-12 19:09:16'),
	(170, 116, 'present', 1, 1, 38, NULL, '2025-06-12 19:23:33', '2025-06-12 19:23:33'),
	(171, 117, 'present', 1, 20, 48, NULL, '2025-06-12 22:45:08', '2025-06-12 22:45:08'),
	(172, 118, 'present', 1, 1, 3, NULL, '2025-06-13 02:29:16', '2025-06-13 02:29:16'),
	(173, 119, 'present', 1, 20, 48, NULL, '2025-06-18 22:34:52', '2025-06-18 22:34:52'),
	(174, 120, 'present', 1, 1, 5, 'Uttara', '2025-06-18 23:08:27', '2025-06-18 23:14:49'),
	(175, 121, 'present', 2, 4, 56, NULL, '2025-06-18 23:29:47', '2025-06-18 23:29:47'),
	(176, 122, 'present', 2, 60, 88, NULL, '2025-06-20 02:50:41', '2025-06-20 02:50:41'),
	(180, 131, 'present', 1, 1, 32, 'Jahangirnagar University', '2025-06-23 18:48:33', '2025-06-23 18:48:33'),
	(181, 131, 'permanent', 2, 62, 103, 'হযবরল', '2025-06-23 18:51:51', '2025-06-23 18:51:51'),
	(183, 31, 'present', 5, 43, 338, NULL, '2025-06-24 12:29:20', '2025-06-24 12:29:20'),
	(184, 34, 'present', 2, 4, 55, NULL, '2025-06-24 12:49:38', '2025-06-24 12:49:38'),
	(186, 96, 'present', 1, 1, 36, NULL, '2025-06-24 13:07:23', '2025-06-24 13:07:23'),
	(187, 94, 'present', 1, 1, 38, NULL, '2025-06-24 14:19:26', '2025-06-24 14:19:26'),
	(188, 55, 'present', 1, 3, 394, NULL, '2025-06-24 14:31:13', '2025-06-24 14:31:13'),
	(189, 61, 'present', 5, 45, 364, NULL, '2025-06-24 14:48:30', '2025-06-24 14:48:30'),
	(191, 70, 'present', 1, 1, 37, NULL, '2025-06-24 15:27:18', '2025-06-24 15:27:18'),
	(192, 73, 'present', 1, 14, 398, NULL, '2025-06-24 15:30:33', '2025-06-24 15:30:33'),
	(193, 56, 'present', 1, 1, 37, NULL, '2025-06-24 15:35:34', '2025-06-24 15:35:34'),
	(194, 78, 'present', 1, 20, 48, NULL, '2025-06-24 17:07:49', '2025-06-24 17:07:49'),
	(195, 98, 'present', 1, 3, 394, NULL, '2025-06-24 17:13:58', '2025-06-24 17:13:58'),
	(196, 84, 'present', 4, 47, 211, NULL, '2025-06-24 17:19:41', '2025-06-24 17:19:41'),
	(197, 82, 'present', 6, 9, 10, NULL, '2025-06-24 17:25:47', '2025-06-24 17:25:47'),
	(200, 134, 'present', 1, 21, 452, 'sdfdsf', '2025-06-26 07:29:01', '2025-06-26 07:29:01'),
	(201, 135, 'present', 1, 1, 38, NULL, '2025-06-26 12:08:04', '2025-06-26 12:08:04'),
	(202, 136, 'present', 1, 1, 3, NULL, '2025-06-26 12:09:32', '2025-06-26 12:09:32'),
	(203, 137, 'present', 1, 1, 5, NULL, '2025-06-26 12:26:49', '2025-06-26 12:26:49'),
	(204, 138, 'present', 1, 1, 2, NULL, '2025-06-26 12:29:38', '2025-06-26 12:29:38'),
	(205, 139, 'present', 1, 1, 38, NULL, '2025-06-26 12:32:35', '2025-06-26 12:32:35'),
	(206, 140, 'present', 1, 1, 2, NULL, '2025-06-26 12:55:05', '2025-06-26 12:55:05'),
	(207, 141, 'present', 1, 1, 37, NULL, '2025-06-26 12:57:00', '2025-06-26 12:57:00'),
	(208, 142, 'present', 1, 1, 40, NULL, '2025-06-26 13:07:05', '2025-06-26 13:07:05'),
	(209, 143, 'present', 1, 1, 41, NULL, '2025-06-26 13:08:14', '2025-06-26 13:08:14'),
	(210, 144, 'present', 1, 1, 37, NULL, '2025-06-26 13:10:11', '2025-06-26 13:10:11'),
	(211, 145, 'present', 1, 1, 2, NULL, '2025-06-26 13:14:59', '2025-06-26 13:14:59'),
	(212, 146, 'present', 1, 1, 39, NULL, '2025-06-26 13:16:11', '2025-06-26 13:16:11'),
	(213, 147, 'present', 1, 1, 40, NULL, '2025-06-26 17:49:45', '2025-06-26 17:49:45'),
	(214, 148, 'present', 1, 2, 385, 'Madartola, Gazalia, Kachua, Bagerhat', '2025-06-26 18:39:01', '2025-06-26 18:39:01'),
	(215, 149, 'present', 1, 1, 40, NULL, '2025-06-26 18:41:23', '2025-06-26 18:41:23'),
	(216, 150, 'present', 1, 1, 516, NULL, '2025-06-26 18:54:35', '2025-06-26 18:54:35'),
	(217, 151, 'present', 1, 1, 2, NULL, '2025-06-26 18:55:48', '2025-06-26 18:55:48'),
	(218, 152, 'present', 1, 1, 517, NULL, '2025-06-26 18:57:16', '2025-06-26 18:57:16'),
	(219, 153, 'present', 1, 1, 34, NULL, '2025-06-26 18:59:00', '2025-06-26 18:59:00'),
	(220, 154, 'present', 1, 3, 394, NULL, '2025-06-26 19:00:14', '2025-06-26 19:00:14'),
	(221, 155, 'present', 1, 1, 5, NULL, '2025-06-26 19:01:19', '2025-06-26 19:01:19'),
	(222, 156, 'present', 1, 1, 41, NULL, '2025-06-26 19:03:40', '2025-06-26 19:03:40'),
	(223, 157, 'present', 1, 1, 520, NULL, '2025-06-26 19:06:05', '2025-06-26 19:06:05'),
	(224, 158, 'present', 1, 1, 520, NULL, '2025-06-26 20:15:54', '2025-06-26 20:15:54'),
	(225, 159, 'present', 1, 1, 37, 'House 13, Road 10, Sector 06, Uttara,Dhaka,Bangladesh', '2025-06-26 20:26:04', '2025-06-26 20:26:04'),
	(226, 160, 'present', 1, 1, 1, NULL, '2025-06-26 20:28:36', '2025-06-26 20:28:36'),
	(227, 161, 'present', 1, 1, 520, NULL, '2025-06-26 20:30:50', '2025-06-26 20:30:50'),
	(228, 162, 'present', 1, 1, 40, NULL, '2025-06-26 20:31:54', '2025-06-26 20:31:54'),
	(229, 163, 'present', 1, 1, 520, NULL, '2025-06-26 20:32:51', '2025-06-26 20:32:51'),
	(230, 164, 'present', 1, 1, 520, NULL, '2025-06-26 20:33:53', '2025-06-26 20:33:53'),
	(231, 165, 'present', 7, 35, 458, NULL, '2025-06-26 20:35:34', '2025-06-26 20:35:34'),
	(232, 166, 'present', 1, 1, 5, NULL, '2025-06-26 20:36:39', '2025-06-26 20:36:39'),
	(233, 167, 'present', 2, 58, 69, NULL, '2025-06-26 20:37:45', '2025-06-26 20:37:45'),
	(234, 168, 'present', 1, 1, 520, NULL, '2025-06-26 20:40:45', '2025-06-26 20:40:45'),
	(235, 169, 'present', 2, 60, 88, NULL, '2025-06-26 20:41:41', '2025-06-26 20:41:41'),
	(236, 170, 'present', 2, 62, 103, NULL, '2025-06-26 20:48:29', '2025-06-26 20:48:29'),
	(237, 171, 'present', 1, 1, 520, NULL, '2025-06-26 20:49:19', '2025-06-26 20:49:19'),
	(238, 172, 'present', 2, 57, 43, NULL, '2025-06-26 20:50:20', '2025-06-26 20:50:20'),
	(239, 173, 'present', 1, 1, 32, NULL, '2025-06-26 20:51:25', '2025-06-26 20:51:25'),
	(240, 174, 'present', 3, 31, 179, NULL, '2025-06-26 20:52:16', '2025-06-26 20:52:16'),
	(241, 175, 'present', 2, 61, 99, NULL, '2025-06-26 20:58:57', '2025-06-26 20:58:57'),
	(242, 176, 'present', 1, 1, 520, NULL, '2025-06-26 21:00:07', '2025-06-26 21:00:07'),
	(243, 177, 'present', 1, 1, 520, NULL, '2025-06-26 21:01:07', '2025-06-26 21:01:07'),
	(244, 178, 'present', 1, 1, 40, NULL, '2025-06-26 21:02:14', '2025-06-26 21:02:14'),
	(245, 179, 'present', 1, 1, 520, NULL, '2025-06-26 21:03:47', '2025-06-26 21:03:47'),
	(246, 180, 'present', 1, 1, 4, NULL, '2025-06-26 21:10:39', '2025-06-26 21:10:39'),
	(247, 181, 'present', 8, 27, 325, 'Paradurgapur,Ashujia,Kendua,Netrokona', '2025-06-26 22:06:39', '2025-06-26 22:06:39'),
	(248, 181, 'permanent', 8, 27, 325, 'Paradurgapur, Ashujia,kendua,Netrokona', '2025-06-26 22:09:48', '2025-06-26 22:09:48'),
	(249, 182, 'present', 1, 3, 394, NULL, '2025-06-26 22:23:40', '2025-06-26 22:23:40'),
	(250, 183, 'present', 6, 9, 9, 'Sylhet Battalion (48 BGB)', '2025-06-26 23:42:10', '2025-06-26 23:49:07'),
	(251, 183, 'permanent', 1, 2, 384, 'Rajbari, Joydevpur, Gazipur', '2025-06-26 23:49:07', '2025-06-26 23:50:45'),
	(252, 184, 'present', 2, 60, 90, 'Chowmuhani', '2025-06-27 02:32:34', '2025-06-27 02:32:34'),
	(253, 185, 'present', 2, 57, 43, 'Feni garden city', '2025-06-27 03:00:57', '2025-06-27 03:00:57'),
	(254, 186, 'present', 3, 29, 155, 'Tebaria,Bhulbaria,Ataikula,Pabna.', '2025-06-27 03:22:56', '2025-06-27 03:22:56'),
	(255, 187, 'present', 2, 62, 103, 'Vill: char uvuti, post office: Bhawanigonj, Ward no. -4,Union: 17 no Bhawanigonj.', '2025-06-27 11:48:55', '2025-06-27 11:48:55'),
	(256, 187, 'permanent', 2, 62, 103, 'Vill: char uvuti, post office: Bhawanigonj, Ward no. -4,Union: 17 no Bhawanigonj.', '2025-06-27 11:52:41', '2025-06-27 11:52:41'),
	(257, 188, 'present', 2, 4, 65, 'Jafatnagar UP Area', '2025-06-27 15:02:21', '2025-06-27 15:02:21'),
	(258, 188, 'permanent', 2, 5, 115, 'South Chakmarkul, Kholgor', '2025-06-27 15:06:52', '2025-06-27 15:06:52'),
	(259, 189, 'present', 2, 64, 126, 'dsfsdfs', '2025-06-28 01:20:21', '2025-06-28 01:20:21');

-- Dumping structure for table one2one4.messages
DROP TABLE IF EXISTS `messages`;
CREATE TABLE IF NOT EXISTS `messages` (
  `id` bigint unsigned NOT NULL AUTO_INCREMENT,
  `sender_id` bigint unsigned NOT NULL,
  `recipient_id` bigint unsigned NOT NULL,
  `content` text COLLATE utf8mb4_unicode_ci NOT NULL,
  `read_at` timestamp NULL DEFAULT NULL,
  `deleted_by_sender` tinyint(1) NOT NULL DEFAULT '0',
  `deleted_by_recipient` tinyint(1) NOT NULL DEFAULT '0',
  `created_at` timestamp NULL DEFAULT NULL,
  `updated_at` timestamp NULL DEFAULT NULL,
  PRIMARY KEY (`id`),
  KEY `messages_sender_id_foreign` (`sender_id`),
  KEY `messages_recipient_id_foreign` (`recipient_id`),
  CONSTRAINT `messages_recipient_id_foreign` FOREIGN KEY (`recipient_id`) REFERENCES `users` (`id`) ON DELETE CASCADE,
  CONSTRAINT `messages_sender_id_foreign` FOREIGN KEY (`sender_id`) REFERENCES `users` (`id`) ON DELETE CASCADE
) ENGINE=InnoDB DEFAULT CHARSET=utf8mb4 COLLATE=utf8mb4_unicode_ci;

-- Dumping data for table one2one4.messages: ~0 rows (approximately)
DELETE FROM `messages`;

-- Dumping structure for table one2one4.migrations
DROP TABLE IF EXISTS `migrations`;
CREATE TABLE IF NOT EXISTS `migrations` (
  `id` int unsigned NOT NULL AUTO_INCREMENT,
  `migration` varchar(255) COLLATE utf8mb4_unicode_ci NOT NULL,
  `batch` int NOT NULL,
  PRIMARY KEY (`id`)
) ENGINE=InnoDB AUTO_INCREMENT=28 DEFAULT CHARSET=utf8mb4 COLLATE=utf8mb4_unicode_ci;

-- Dumping data for table one2one4.migrations: ~23 rows (approximately)
DELETE FROM `migrations`;
INSERT INTO `migrations` (`id`, `migration`, `batch`) VALUES
	(1, '2014_10_12_100000_create_password_resets_table', 1),
	(2, '2019_08_19_000000_create_failed_jobs_table', 1),
	(3, '2020_07_24_184706_create_permission_tables', 1),
	(4, '2020_09_12_043205_create_admins_table', 1),
	(5, '2024_04_07_000001_create_divisions_table', 1),
	(6, '2024_04_07_000002_create_districts_table', 1),
	(7, '2024_04_07_000003_create_upazilas_table', 1),
	(8, '2024_04_08_000000_create_users_table', 1),
	(9, '2024_04_08_000001_create_blood_requests_table', 1),
	(10, '2024_04_08_000002_create_donor_assignments_table', 1),
	(11, '2024_04_26_000001_create_locations_table', 1),
	(12, '2025_04_08_173503_create_user_preferences_table', 1),
	(13, '2025_04_08_174031_create_messages_table', 1),
	(14, '2025_04_26_195755_create_website_contents_table', 1),
	(15, '2025_04_27_200214_create_testimonials_table', 1),
	(16, '2025_04_27_220053_create_sponsors_table', 1),
	(17, '2025_04_27_221204_create_contacts_table', 1),
	(18, '2025_04_27_225526_create_gallery_categories_table', 1),
	(19, '2025_04_27_225601_create_galleries_table', 1),
	(20, '2025_04_28_160000_create_gallery_images_table', 1),
	(21, '2025_04_30_223722_update_profile_picture_paths', 1),
	(22, '2025_05_01_000000_create_notifications_table', 1),
	(23, '2025_05_01_000001_create_blood_notifications_table', 1),
	(24, '2023_12_06_000000_create_events_table', 2),
	(25, '2025_06_26_232754_create_internal_programs_table', 3),
	(26, '2025_06_27_023049_create_contacts_table', 4),
	(27, '2025_06_27_040234_create_jobs_table', 4);

-- Dumping structure for table one2one4.model_has_permissions
DROP TABLE IF EXISTS `model_has_permissions`;
CREATE TABLE IF NOT EXISTS `model_has_permissions` (
  `permission_id` bigint unsigned NOT NULL,
  `model_type` varchar(255) COLLATE utf8mb4_unicode_ci NOT NULL,
  `model_id` bigint unsigned NOT NULL,
  PRIMARY KEY (`permission_id`,`model_id`,`model_type`),
  KEY `model_has_permissions_model_id_model_type_index` (`model_id`,`model_type`),
  CONSTRAINT `model_has_permissions_permission_id_foreign` FOREIGN KEY (`permission_id`) REFERENCES `permissions` (`id`) ON DELETE CASCADE
) ENGINE=InnoDB DEFAULT CHARSET=utf8mb4 COLLATE=utf8mb4_unicode_ci;

-- Dumping data for table one2one4.model_has_permissions: ~0 rows (approximately)
DELETE FROM `model_has_permissions`;

-- Dumping structure for table one2one4.model_has_roles
DROP TABLE IF EXISTS `model_has_roles`;
CREATE TABLE IF NOT EXISTS `model_has_roles` (
  `role_id` bigint unsigned NOT NULL,
  `model_type` varchar(255) COLLATE utf8mb4_unicode_ci NOT NULL,
  `model_id` bigint unsigned NOT NULL,
  PRIMARY KEY (`role_id`,`model_id`,`model_type`),
  KEY `model_has_roles_model_id_model_type_index` (`model_id`,`model_type`),
  CONSTRAINT `model_has_roles_role_id_foreign` FOREIGN KEY (`role_id`) REFERENCES `roles` (`id`) ON DELETE CASCADE
) ENGINE=InnoDB DEFAULT CHARSET=utf8mb4 COLLATE=utf8mb4_unicode_ci;

-- Dumping data for table one2one4.model_has_roles: ~28 rows (approximately)
DELETE FROM `model_has_roles`;
INSERT INTO `model_has_roles` (`role_id`, `model_type`, `model_id`) VALUES
	(1, 'App\\Models\\Admin', 1),
	(5, 'App\\Models\\Admin', 14),
	(6, 'App\\Models\\Admin', 15),
	(6, 'App\\Models\\Admin', 16),
	(6, 'App\\Models\\Admin', 17),
	(6, 'App\\Models\\Admin', 18),
	(6, 'App\\Models\\Admin', 19),
	(6, 'App\\Models\\Admin', 20),
	(2, 'App\\Models\\Admin', 21),
	(6, 'App\\Models\\Admin', 22),
	(6, 'App\\Models\\Admin', 23),
	(6, 'App\\Models\\Admin', 24),
	(6, 'App\\Models\\Admin', 25),
	(6, 'App\\Models\\Admin', 26),
	(6, 'App\\Models\\Admin', 27),
	(6, 'App\\Models\\Admin', 28),
	(6, 'App\\Models\\Admin', 29),
	(6, 'App\\Models\\Admin', 30),
	(6, 'App\\Models\\Admin', 31),
	(6, 'App\\Models\\Admin', 32),
	(6, 'App\\Models\\Admin', 33),
	(6, 'App\\Models\\Admin', 34),
	(6, 'App\\Models\\Admin', 35),
	(6, 'App\\Models\\Admin', 36),
	(6, 'App\\Models\\Admin', 37),
	(6, 'App\\Models\\Admin', 38),
	(4, 'App\\Models\\Admin', 39),
	(3, 'App\\Models\\Admin', 40);

-- Dumping structure for table one2one4.notifications
DROP TABLE IF EXISTS `notifications`;
CREATE TABLE IF NOT EXISTS `notifications` (
  `id` char(36) COLLATE utf8mb4_unicode_ci NOT NULL,
  `type` varchar(255) COLLATE utf8mb4_unicode_ci NOT NULL,
  `notifiable_type` varchar(255) COLLATE utf8mb4_unicode_ci NOT NULL,
  `notifiable_id` bigint unsigned NOT NULL,
  `data` text COLLATE utf8mb4_unicode_ci NOT NULL,
  `read_at` timestamp NULL DEFAULT NULL,
  `created_at` timestamp NULL DEFAULT NULL,
  `updated_at` timestamp NULL DEFAULT NULL,
  PRIMARY KEY (`id`),
  KEY `notifications_notifiable_type_notifiable_id_index` (`notifiable_type`,`notifiable_id`)
) ENGINE=InnoDB DEFAULT CHARSET=utf8mb4 COLLATE=utf8mb4_unicode_ci;

-- Dumping data for table one2one4.notifications: ~0 rows (approximately)
DELETE FROM `notifications`;

-- Dumping structure for table one2one4.password_resets
DROP TABLE IF EXISTS `password_resets`;
CREATE TABLE IF NOT EXISTS `password_resets` (
  `email` varchar(255) COLLATE utf8mb4_unicode_ci NOT NULL,
  `token` varchar(255) COLLATE utf8mb4_unicode_ci NOT NULL,
  `created_at` timestamp NULL DEFAULT NULL,
  KEY `password_resets_email_index` (`email`)
) ENGINE=InnoDB DEFAULT CHARSET=utf8mb4 COLLATE=utf8mb4_unicode_ci;

-- Dumping data for table one2one4.password_resets: ~2 rows (approximately)
DELETE FROM `password_resets`;
INSERT INTO `password_resets` (`email`, `token`, `created_at`) VALUES
	('anisur.active24@gmail.com', '$2y$10$ai2pdryfL2lG/jRvGaJ/9ecWn1UagWOXMvmZJszh9AFvrj38TmFcC', '2025-05-13 13:57:09'),
	('polasbhuiyan778@gmail.com', '$2y$10$T8TuIafH1Ghw9LYqIk4ay..tpzdT5GfTKkLYA/o3HdsLA.eRRXfaK', '2025-06-24 18:56:24');

-- Dumping structure for table one2one4.permissions
DROP TABLE IF EXISTS `permissions`;
CREATE TABLE IF NOT EXISTS `permissions` (
  `id` bigint unsigned NOT NULL AUTO_INCREMENT,
  `name` varchar(255) COLLATE utf8mb4_unicode_ci NOT NULL,
  `guard_name` varchar(255) COLLATE utf8mb4_unicode_ci NOT NULL,
  `group_name` varchar(255) COLLATE utf8mb4_unicode_ci DEFAULT NULL,
  `created_at` timestamp NULL DEFAULT NULL,
  `updated_at` timestamp NULL DEFAULT NULL,
  PRIMARY KEY (`id`)
) ENGINE=InnoDB AUTO_INCREMENT=78 DEFAULT CHARSET=utf8mb4 COLLATE=utf8mb4_unicode_ci;

-- Dumping data for table one2one4.permissions: ~68 rows (approximately)
DELETE FROM `permissions`;
INSERT INTO `permissions` (`id`, `name`, `guard_name`, `group_name`, `created_at`, `updated_at`) VALUES
	(1, 'dashboard.view', 'admin', 'dashboard', '2025-05-03 06:05:57', '2025-05-03 06:05:57'),
	(2, 'admin.create', 'admin', 'admin', '2025-05-03 06:05:57', '2025-05-03 06:05:57'),
	(3, 'admin.view', 'admin', 'admin', '2025-05-03 06:05:57', '2025-05-03 06:05:57'),
	(4, 'admin.edit', 'admin', 'admin', '2025-05-03 06:05:57', '2025-05-03 06:05:57'),
	(5, 'admin.delete', 'admin', 'admin', '2025-05-03 06:05:57', '2025-05-03 06:05:57'),
	(6, 'role.create', 'admin', 'role', '2025-05-03 06:05:57', '2025-05-03 06:05:57'),
	(7, 'role.view', 'admin', 'role', '2025-05-03 06:05:57', '2025-05-03 06:05:57'),
	(8, 'role.edit', 'admin', 'role', '2025-05-03 06:05:57', '2025-05-03 06:05:57'),
	(9, 'role.delete', 'admin', 'role', '2025-05-03 06:05:57', '2025-05-03 06:05:57'),
	(10, 'user.create', 'admin', 'user', '2025-05-03 06:05:57', '2025-05-03 06:05:57'),
	(11, 'user.view', 'admin', 'user', '2025-05-03 06:05:57', '2025-05-03 06:05:57'),
	(12, 'user.edit', 'admin', 'user', '2025-05-03 06:05:57', '2025-05-03 06:05:57'),
	(13, 'user.delete', 'admin', 'user', '2025-05-03 06:05:57', '2025-05-03 06:05:57'),
	(14, 'dashboard.edit', 'admin', 'dashboard', '2025-05-03 06:05:57', '2025-05-03 06:05:57'),
	(15, 'blog.create', 'admin', 'blog', '2025-05-03 06:05:57', '2025-05-03 06:05:57'),
	(16, 'blog.view', 'admin', 'blog', '2025-05-03 06:05:57', '2025-05-03 06:05:57'),
	(17, 'blog.edit', 'admin', 'blog', '2025-05-03 06:05:57', '2025-05-03 06:05:57'),
	(18, 'blog.delete', 'admin', 'blog', '2025-05-03 06:05:57', '2025-05-03 06:05:57'),
	(19, 'blog.approve', 'admin', 'blog', '2025-05-03 06:05:57', '2025-05-03 06:05:57'),
	(20, 'admin.approve', 'admin', 'admin', '2025-05-03 06:05:57', '2025-05-03 06:05:57'),
	(21, 'role.approve', 'admin', 'role', '2025-05-03 06:05:57', '2025-05-03 06:05:57'),
	(22, 'profile.view', 'admin', 'profile', '2025-05-03 06:05:57', '2025-05-03 06:05:57'),
	(23, 'profile.edit', 'admin', 'profile', '2025-05-03 06:05:57', '2025-05-03 06:05:57'),
	(24, 'profile.delete', 'admin', 'profile', '2025-05-03 06:05:57', '2025-05-03 06:05:57'),
	(25, 'profile.update', 'admin', 'profile', '2025-05-03 06:05:58', '2025-05-03 06:05:58'),
	(26, 'location.view', 'admin', 'location', '2025-05-03 06:05:58', '2025-05-03 06:05:58'),
	(27, 'location.create', 'admin', 'location', '2025-05-03 06:05:58', '2025-05-03 06:05:58'),
	(28, 'location.edit', 'admin', 'location', '2025-05-03 06:05:58', '2025-05-03 06:05:58'),
	(29, 'location.delete', 'admin', 'location', '2025-05-03 06:05:58', '2025-05-03 06:05:58'),
	(30, 'website.content.view', 'admin', 'website', '2025-05-03 06:05:58', '2025-05-03 06:05:58'),
	(31, 'website.content.create', 'admin', 'website', '2025-05-03 06:05:58', '2025-05-03 06:05:58'),
	(32, 'website.content.edit', 'admin', 'website', '2025-05-03 06:05:58', '2025-05-03 06:05:58'),
	(33, 'website.content.delete', 'admin', 'website', '2025-05-03 06:05:58', '2025-05-03 06:05:58'),
	(34, 'blood.request.create', 'admin', 'blood_request', '2025-05-03 06:05:58', '2025-05-03 06:05:58'),
	(35, 'blood.request.view', 'admin', 'blood_request', '2025-05-03 06:05:58', '2025-05-03 06:05:58'),
	(36, 'blood.request.edit', 'admin', 'blood_request', '2025-05-03 06:05:58', '2025-05-03 06:05:58'),
	(37, 'blood.request.delete', 'admin', 'blood_request', '2025-05-03 06:05:58', '2025-05-03 06:05:58'),
	(38, 'blood.request.approve', 'admin', 'blood_request', '2025-05-03 06:05:58', '2025-05-03 06:05:58'),
	(39, 'blood.request.reject', 'admin', 'blood_request', '2025-05-03 06:05:58', '2025-05-03 06:05:58'),
	(40, 'blood.donation.create', 'admin', 'blood_donation', '2025-05-03 06:05:58', '2025-05-03 06:05:58'),
	(41, 'blood.donation.view', 'admin', 'blood_donation', '2025-05-03 06:05:58', '2025-05-03 06:05:58'),
	(42, 'blood.donation.edit', 'admin', 'blood_donation', '2025-05-03 06:05:58', '2025-05-03 06:05:58'),
	(43, 'blood.donation.delete', 'admin', 'blood_donation', '2025-05-03 06:05:58', '2025-05-03 06:05:58'),
	(44, 'blood.donation.approve', 'admin', 'blood_donation', '2025-05-03 06:05:58', '2025-05-03 06:05:58'),
	(45, 'blood.donation.reject', 'admin', 'blood_donation', '2025-05-03 06:05:58', '2025-05-03 06:05:58'),
	(46, 'gallery.view', 'admin', 'gallery', '2025-05-03 06:05:58', '2025-05-03 06:05:58'),
	(47, 'gallery.create', 'admin', 'gallery', '2025-05-03 06:05:58', '2025-05-03 06:05:58'),
	(48, 'gallery.edit', 'admin', 'gallery', '2025-05-03 06:05:58', '2025-05-03 06:05:58'),
	(49, 'gallery.delete', 'admin', 'gallery', '2025-05-03 06:05:58', '2025-05-03 06:05:58'),
	(50, 'gallery.category.view', 'admin', 'gallery', '2025-05-03 06:05:58', '2025-05-03 06:05:58'),
	(51, 'gallery.category.create', 'admin', 'gallery', '2025-05-03 06:05:58', '2025-05-03 06:05:58'),
	(52, 'gallery.category.edit', 'admin', 'gallery', '2025-05-03 06:05:58', '2025-05-03 06:05:58'),
	(53, 'gallery.category.delete', 'admin', 'gallery', '2025-05-03 06:05:58', '2025-05-03 06:05:58'),
	(54, 'testimonial.view', 'admin', 'testimonial', '2025-05-03 06:05:58', '2025-05-03 06:05:58'),
	(55, 'testimonial.create', 'admin', 'testimonial', '2025-05-03 06:05:58', '2025-05-03 06:05:58'),
	(56, 'testimonial.edit', 'admin', 'testimonial', '2025-05-03 06:05:58', '2025-05-03 06:05:58'),
	(57, 'testimonial.delete', 'admin', 'testimonial', '2025-05-03 06:05:58', '2025-05-03 06:05:58'),
	(58, 'sponsor.view', 'admin', 'sponsor', '2025-05-03 06:05:58', '2025-05-03 06:05:58'),
	(59, 'sponsor.create', 'admin', 'sponsor', '2025-05-03 06:05:58', '2025-05-03 06:05:58'),
	(60, 'sponsor.edit', 'admin', 'sponsor', '2025-05-03 06:05:58', '2025-05-03 06:05:58'),
	(61, 'sponsor.delete', 'admin', 'sponsor', '2025-05-03 06:05:58', '2025-05-03 06:05:58'),
	(62, 'milestone.manage', 'admin', 'milestone', '2025-05-03 06:05:58', '2025-05-03 06:05:58'),
	(63, 'internal.program.view', 'admin', 'internal_program', '2025-06-26 18:27:36', '2025-06-26 18:27:36'),
	(64, 'internal.program.create', 'admin', 'internal_program', '2025-06-26 18:27:36', '2025-06-26 18:27:36'),
	(65, 'internal.program.edit', 'admin', 'internal_program', '2025-06-26 18:27:36', '2025-06-26 18:27:36'),
	(66, 'contact.view', 'admin', 'contact', '2025-06-27 00:30:04', '2025-06-27 00:30:04'),
	(67, 'contact.update', 'admin', 'contact', '2025-06-27 00:30:04', '2025-06-27 00:30:04'),
	(68, 'contact.delete', 'admin', 'contact', '2025-06-27 00:30:04', '2025-06-27 00:30:04'),
	(74, 'event.view', 'admin', 'event', '2025-06-27 22:35:58', '2025-06-27 22:35:58'),
	(75, 'event.create', 'admin', 'event', '2025-06-27 22:35:58', '2025-06-27 22:35:58'),
	(76, 'event.edit', 'admin', 'event', '2025-06-27 22:35:58', '2025-06-27 22:35:58'),
	(77, 'event.delete', 'admin', 'event', '2025-06-27 22:35:58', '2025-06-27 22:35:58');

-- Dumping structure for table one2one4.roles
DROP TABLE IF EXISTS `roles`;
CREATE TABLE IF NOT EXISTS `roles` (
  `id` bigint unsigned NOT NULL AUTO_INCREMENT,
  `name` varchar(255) COLLATE utf8mb4_unicode_ci NOT NULL,
  `guard_name` varchar(255) COLLATE utf8mb4_unicode_ci NOT NULL,
  `created_at` timestamp NULL DEFAULT NULL,
  `updated_at` timestamp NULL DEFAULT NULL,
  PRIMARY KEY (`id`)
) ENGINE=InnoDB AUTO_INCREMENT=8 DEFAULT CHARSET=utf8mb4 COLLATE=utf8mb4_unicode_ci;

-- Dumping data for table one2one4.roles: ~6 rows (approximately)
DELETE FROM `roles`;
INSERT INTO `roles` (`id`, `name`, `guard_name`, `created_at`, `updated_at`) VALUES
	(1, 'Super Admin', 'admin', '2025-05-03 06:05:57', '2025-05-03 06:05:57'),
	(2, 'Admin', 'admin', '2025-05-03 06:05:57', '2025-05-05 18:45:48'),
	(3, 'Editor', 'admin', '2025-05-05 18:41:24', '2025-05-05 18:41:24'),
	(4, 'Volunteer', 'admin', '2025-05-05 21:51:45', '2025-05-05 21:51:45'),
	(5, 'Editor & Volunteer', 'admin', '2025-05-05 21:58:45', '2025-05-05 21:58:45'),
	(6, 'Volunteer Plus', 'admin', '2025-05-06 12:10:06', '2025-05-06 12:10:06'),
	(7, 'Event Manager', 'admin', '2025-06-27 22:35:58', '2025-06-27 22:35:58');

-- Dumping structure for table one2one4.role_has_permissions
DROP TABLE IF EXISTS `role_has_permissions`;
CREATE TABLE IF NOT EXISTS `role_has_permissions` (
  `permission_id` bigint unsigned NOT NULL,
  `role_id` bigint unsigned NOT NULL,
  PRIMARY KEY (`permission_id`,`role_id`),
  KEY `role_has_permissions_role_id_foreign` (`role_id`),
  CONSTRAINT `role_has_permissions_permission_id_foreign` FOREIGN KEY (`permission_id`) REFERENCES `permissions` (`id`) ON DELETE CASCADE,
  CONSTRAINT `role_has_permissions_role_id_foreign` FOREIGN KEY (`role_id`) REFERENCES `roles` (`id`) ON DELETE CASCADE
) ENGINE=InnoDB DEFAULT CHARSET=utf8mb4 COLLATE=utf8mb4_unicode_ci;

-- Dumping data for table one2one4.role_has_permissions: ~148 rows (approximately)
DELETE FROM `role_has_permissions`;
INSERT INTO `role_has_permissions` (`permission_id`, `role_id`) VALUES
	(1, 1),
	(2, 1),
	(3, 1),
	(4, 1),
	(5, 1),
	(6, 1),
	(7, 1),
	(8, 1),
	(9, 1),
	(10, 1),
	(11, 1),
	(12, 1),
	(13, 1),
	(14, 1),
	(15, 1),
	(16, 1),
	(17, 1),
	(18, 1),
	(19, 1),
	(20, 1),
	(21, 1),
	(22, 1),
	(23, 1),
	(24, 1),
	(25, 1),
	(26, 1),
	(27, 1),
	(28, 1),
	(29, 1),
	(30, 1),
	(31, 1),
	(32, 1),
	(33, 1),
	(34, 1),
	(35, 1),
	(36, 1),
	(37, 1),
	(38, 1),
	(39, 1),
	(40, 1),
	(41, 1),
	(42, 1),
	(43, 1),
	(44, 1),
	(45, 1),
	(46, 1),
	(47, 1),
	(48, 1),
	(49, 1),
	(50, 1),
	(51, 1),
	(52, 1),
	(53, 1),
	(54, 1),
	(55, 1),
	(56, 1),
	(57, 1),
	(58, 1),
	(59, 1),
	(60, 1),
	(61, 1),
	(62, 1),
	(63, 1),
	(64, 1),
	(65, 1),
	(66, 1),
	(67, 1),
	(68, 1),
	(74, 1),
	(75, 1),
	(76, 1),
	(77, 1),
	(1, 2),
	(11, 2),
	(15, 2),
	(16, 2),
	(26, 2),
	(30, 2),
	(34, 2),
	(35, 2),
	(36, 2),
	(38, 2),
	(39, 2),
	(40, 2),
	(41, 2),
	(42, 2),
	(44, 2),
	(45, 2),
	(46, 2),
	(47, 2),
	(50, 2),
	(54, 2),
	(55, 2),
	(58, 2),
	(1, 3),
	(10, 3),
	(11, 3),
	(26, 3),
	(27, 3),
	(34, 3),
	(35, 3),
	(36, 3),
	(38, 3),
	(39, 3),
	(40, 3),
	(41, 3),
	(42, 3),
	(44, 3),
	(45, 3),
	(46, 3),
	(47, 3),
	(54, 3),
	(55, 3),
	(74, 3),
	(75, 3),
	(76, 3),
	(77, 3),
	(1, 4),
	(34, 4),
	(35, 4),
	(36, 4),
	(38, 4),
	(39, 4),
	(40, 4),
	(41, 4),
	(42, 4),
	(44, 4),
	(45, 4),
	(1, 5),
	(34, 5),
	(35, 5),
	(38, 5),
	(39, 5),
	(40, 5),
	(41, 5),
	(42, 5),
	(44, 5),
	(45, 5),
	(46, 5),
	(47, 5),
	(54, 5),
	(55, 5),
	(66, 5),
	(67, 5),
	(68, 5),
	(1, 6),
	(34, 6),
	(35, 6),
	(36, 6),
	(38, 6),
	(39, 6),
	(40, 6),
	(41, 6),
	(42, 6),
	(44, 6),
	(45, 6),
	(54, 6),
	(55, 6),
	(74, 7),
	(75, 7),
	(76, 7),
	(77, 7);

-- Dumping structure for table one2one4.sponsors
DROP TABLE IF EXISTS `sponsors`;
CREATE TABLE IF NOT EXISTS `sponsors` (
  `id` bigint unsigned NOT NULL AUTO_INCREMENT,
  `name` varchar(255) NOT NULL,
  `logo` varchar(255) DEFAULT NULL,
  `url` varchar(255) DEFAULT NULL,
  `phone` varchar(255) NOT NULL,
  `email` varchar(255) NOT NULL,
  `payment_method` varchar(255) NOT NULL,
  `payment_status` varchar(255) NOT NULL DEFAULT 'pending',
  `payment_amount` varchar(255) NOT NULL,
  `payment_screenshot` varchar(255) NOT NULL,
  `payment_transaction_id` varchar(255) DEFAULT NULL,
  `status` enum('active','inactive') NOT NULL DEFAULT 'active',
  `order` int NOT NULL DEFAULT '0',
  `created_at` timestamp NULL DEFAULT NULL,
  `updated_at` timestamp NULL DEFAULT NULL,
  PRIMARY KEY (`id`)
) ENGINE=InnoDB AUTO_INCREMENT=4 DEFAULT CHARSET=utf8mb4 COLLATE=utf8mb4_unicode_ci;

-- Dumping data for table one2one4.sponsors: ~0 rows (approximately)
DELETE FROM `sponsors`;
INSERT INTO `sponsors` (`id`, `name`, `logo`, `url`, `phone`, `email`, `payment_method`, `payment_status`, `payment_amount`, `payment_screenshot`, `payment_transaction_id`, `status`, `order`, `created_at`, `updated_at`) VALUES
	(1, 'Ariyan Abbas a', 'images/sponsors/1751071010_685f39225c473.png', 'https://one2one4.com/a', '01611940934', 'admin@gmail.coma', 'Nagad', 'completed', '222', 'images/sponsors/payments/1751060251_jySS2Io573.png', '222', 'active', 1, '2025-06-27 21:37:31', '2025-06-28 00:45:07'),
	(2, 'Ariyan Abbas', 'images/sponsors/1751068680_685f30089f277.png', 'https://one2one4.com', '016119409345', 'admin@gmail.com', 'Nagad', 'completed', '222', 'images/sponsors/payments/1751068500_21rB8nqjZY.jpg', NULL, 'active', 3, '2025-06-27 23:55:00', '2025-06-28 00:45:21'),
	(3, 'Ariyan Abbas dfdsf', 'images/sponsors/1751071406_685f3aae7f850.jpg', 'https://one2one4.com/', '01742184298', 'admin@gmail.com', 'Nagad', 'completed', '222', 'images/sponsors/payments/1751071406_685f3aae7fac0.png', NULL, 'active', 2, '2025-06-28 00:43:26', '2025-06-28 00:45:13');

-- Dumping structure for table one2one4.testimonials
DROP TABLE IF EXISTS `testimonials`;
CREATE TABLE IF NOT EXISTS `testimonials` (
  `id` bigint unsigned NOT NULL AUTO_INCREMENT,
  `name` varchar(255) COLLATE utf8mb4_unicode_ci NOT NULL,
  `content` text COLLATE utf8mb4_unicode_ci NOT NULL,
  `avatar` varchar(255) COLLATE utf8mb4_unicode_ci NOT NULL DEFAULT 'images/testimonials/avatar.png',
  `blood_group` varchar(255) COLLATE utf8mb4_unicode_ci DEFAULT NULL,
  `type` varchar(255) COLLATE utf8mb4_unicode_ci NOT NULL COMMENT 'Blood Donor, Blood Recipient, etc.',
  `location` varchar(255) COLLATE utf8mb4_unicode_ci DEFAULT NULL,
  `status` enum('active','inactive') COLLATE utf8mb4_unicode_ci NOT NULL DEFAULT 'active',
  `order` int NOT NULL DEFAULT '0',
  `created_at` timestamp NULL DEFAULT NULL,
  `updated_at` timestamp NULL DEFAULT NULL,
  PRIMARY KEY (`id`),
  KEY `testimonials_status_index` (`status`),
  KEY `testimonials_order_index` (`order`)
) ENGINE=InnoDB AUTO_INCREMENT=9 DEFAULT CHARSET=utf8mb4 COLLATE=utf8mb4_unicode_ci;

-- Dumping data for table one2one4.testimonials: ~7 rows (approximately)
DELETE FROM `testimonials`;
INSERT INTO `testimonials` (`id`, `name`, `content`, `avatar`, `blood_group`, `type`, `location`, `status`, `order`, `created_at`, `updated_at`) VALUES
	(1, 'নাইম খান', 'এক ফোঁটা রক্ত, এক জীবনের আশ্বাস\r\n\r\nরক্তদান শুধুমাত্র একজন মানুষের রক্ত দেওয়া নয়, এটি একটি জীবন রক্ষার মহান উদ্যোগ। \r\n\r\nপবিত্র কুরআনে আল্লাহ তায়ালা বলেন:\r\n“যে কেউ একটি প্রাণ রক্ষা করল, সে যেন সমগ্র মানব জাতিকে রক্ষা করল।”\r\n— সূরা আল-মায়িদাহ, আয়াত ৩২\r\n\r\nচলুন, আমরা রক্তদানে এগিয়ে আসি। একটি ছোট্ট সিদ্ধান্ত দিতে পারে কাউকে নতুন জীবন, নতুন আশার আলো।\r\n\r\n“রক্ত দিন, জীবন বাঁচান”', 'images/testimonials/avatar.png', 'O+', 'volunteer', 'Dhaka', 'active', 1, '2025-05-03 06:05:58', '2025-06-23 15:47:38'),
	(2, 'নাহিদ আল-মাজিদ', '"প্রতি ফোটা রক্তে লেখা থাকে ভালোবাসা ও মানবতা।"\r\n\r\nভয় নয়, সাহস নিয়ে এগিয়ে আসুন – রক্তদানে।', 'images/testimonials/avatar.png', 'B+', 'volunteer', 'Dhaka', 'active', 2, '2025-05-03 06:05:58', '2025-05-05 03:22:02'),
	(4, 'হিমু', 'রক্ত দিলে হয় না ক্ষতি, জাগ্রত হয় মানবিক অনুভূতি। \r\n\r\nআপনার রক্ত, কারো নতুন জীবন।\r\nস্বেচ্ছায় রক্ত দিন, ভালোবাসা ছড়িয়ে দিন।', 'images/testimonials/1746383287_6817b1b7e8668.jpeg', 'B+', 'volunteer', 'নরসিংদী', 'active', 3, '2025-05-05 04:06:22', '2025-05-08 12:00:42'),
	(5, 'জান্নাতুল ফেরদৌস জেরিন', '“রক্তদাতার সাথে যোগাযোগ রাখুন, \r\nপুনরায় রক্তদানে উৎসাহিত করুন”', 'images/testimonials/1746383658_6817b32a34672.jpeg', 'A+', 'volunteer', 'ঢাকা', 'active', 4, '2025-05-05 04:09:53', '2025-05-08 12:00:52'),
	(6, 'Zakirul Hoque Ruhan', 'যারা নিজের জীবন বাজী রেখে রক্তদান করে মানুষের জীবন রক্ষা করেন, নিঃশ্বন্দেহে তারা অনেক বড় মনের মানুষ। রক্তদান সম্পূর্ণ মানবিক ও অসাম্প্রদায়িক কার্যক্রম। এর মাধ্যমে সামাজিক দায়িত্ববোধ বৃদ্ধি করে, এমনকি ধর্মীয় সম্প্রীতি বৃদ্ধিতে সহায়তা করে। সুতরাং আসুন, আমরা প্রত্যেকে হয়ে উঠি একেকজন রক্তযোদ্ধা এবং রক্ত দিয়ে পৃথিবীর প্রানস্পন্দনে অবদান রাখি।', 'images/testimonials/avatar.png', 'O+', 'volunteer', 'Kishoreganj', 'active', 5, '2025-05-05 12:29:37', '2025-05-08 12:01:05'),
	(7, 'Shariful Islam ST', '"রক্তদানে নেই তো ভয় \r\nরক্তদানে মানবতার কল্যাণ হয় \r\nযদি করেন রক্তদান \r\nআল্লাহর নিকট বাড়বে আপনার মান"', 'images/testimonials/avatar.png', 'O+', 'donor', 'Tangail', 'active', 6, '2025-05-05 18:33:04', '2025-05-08 12:01:15'),
	(8, 'Munim Khan', 'ব্লাড ডোনেশন একটা ভালোবাসার কাজ। কারোর বিপদে পাশে থাকতে পারলে যে আত্মিক শান্তি পাওয়া যায় তার বাস্তব উদাহরণ ব্লাড ডোনেশন। আসুন বিপদের সময় মনুষ্যত্বের পরিচয় দেই...  ৯ম তম  ভালোবাসা ❣️', 'images/testimonials/1746637065_681b9109ac170.jpeg', 'A+', 'donor', 'Khulna', 'active', 1, '2025-05-08 02:57:45', '2025-05-08 12:02:02');

-- Dumping structure for table one2one4.upazilas
DROP TABLE IF EXISTS `upazilas`;
CREATE TABLE IF NOT EXISTS `upazilas` (
  `id` bigint unsigned NOT NULL AUTO_INCREMENT,
  `district_id` bigint unsigned NOT NULL,
  `name` varchar(255) COLLATE utf8mb4_unicode_ci NOT NULL,
  `bn_name` varchar(255) COLLATE utf8mb4_unicode_ci DEFAULT NULL,
  `created_at` timestamp NULL DEFAULT NULL,
  `updated_at` timestamp NULL DEFAULT NULL,
  PRIMARY KEY (`id`),
  KEY `upazilas_district_id_foreign` (`district_id`),
  CONSTRAINT `upazilas_district_id_foreign` FOREIGN KEY (`district_id`) REFERENCES `districts` (`id`) ON DELETE CASCADE
) ENGINE=InnoDB AUTO_INCREMENT=521 DEFAULT CHARSET=utf8mb4 COLLATE=utf8mb4_unicode_ci;

-- Dumping data for table one2one4.upazilas: ~520 rows (approximately)
DELETE FROM `upazilas`;
INSERT INTO `upazilas` (`id`, `district_id`, `name`, `bn_name`, `created_at`, `updated_at`) VALUES
	(1, 1, 'Dhanmondi', 'ধানমন্ডি', '2025-05-03 06:05:57', '2025-05-03 06:05:57'),
	(2, 1, 'Mirpur', 'মিরপুর', '2025-05-03 06:05:57', '2025-05-03 06:05:57'),
	(3, 1, 'Mohammadpur', 'মোহাম্মদপুর', '2025-05-03 06:05:57', '2025-05-03 06:05:57'),
	(4, 1, 'Gulshan', 'গুলশান', '2025-05-03 06:05:57', '2025-05-03 06:05:57'),
	(5, 1, 'Uttara', 'উত্তরা', '2025-05-03 06:05:57', '2025-05-03 06:05:57'),
	(6, 4, 'Agrabad', 'আগ্রাবাদ', '2025-05-03 06:05:57', '2025-05-03 06:05:57'),
	(7, 4, 'Halishahar', 'হালিশহর', '2025-05-03 06:05:57', '2025-05-03 06:05:57'),
	(8, 4, 'Patenga', 'পতেঙ্গা', '2025-05-03 06:05:57', '2025-05-03 06:05:57'),
	(9, 9, 'Sylhet Sadar', 'সিলেট সদর', '2025-05-03 06:05:57', '2025-05-03 06:05:57'),
	(10, 9, 'Golapganj', 'গোলাপগঞ্জ', '2025-05-03 06:05:57', '2025-05-03 06:05:57'),
	(11, 9, 'Beanibazar', 'বিয়ানীবাজার', '2025-05-03 06:05:57', '2025-05-03 06:05:57'),
	(12, 6, 'Boalia', 'বোয়ালিয়া', '2025-05-03 06:05:57', '2025-05-03 06:05:57'),
	(13, 6, 'Motihar', 'মতিহার', '2025-05-03 06:05:57', '2025-05-03 06:05:57'),
	(14, 6, 'Rajpara', 'রাজপাড়া', '2025-05-03 06:05:57', '2025-05-03 06:05:57'),
	(15, 56, 'Debidwar', 'দেবিদ্বার', '2025-05-04 22:08:29', '2025-05-04 22:08:29'),
	(16, 56, 'Barura', 'বরুড়া', '2025-05-04 22:09:00', '2025-05-04 22:09:00'),
	(17, 56, 'Brahmanpara', 'ব্রাহ্মণপাড়া', '2025-05-04 22:09:33', '2025-05-04 22:09:33'),
	(18, 56, 'Chandina', 'চান্দিনা', '2025-05-04 22:09:55', '2025-05-04 22:09:55'),
	(19, 56, 'Chauddagram', 'চৌদ্দগ্রাম', '2025-05-04 22:10:23', '2025-05-04 22:10:23'),
	(20, 56, 'Daudkandi', 'দাউদকান্দি', '2025-05-04 22:10:45', '2025-05-04 22:10:45'),
	(21, 56, 'Homna', 'হোমনা', '2025-05-04 22:11:13', '2025-05-04 22:11:13'),
	(22, 56, 'Laksam', 'লাকসাম', '2025-05-04 22:11:43', '2025-05-04 22:11:43'),
	(23, 56, 'Muradnagar', 'মুরাদনগর', '2025-05-04 22:12:12', '2025-05-04 22:12:12'),
	(24, 56, 'Nangalkot', 'নাঙ্গলকোট', '2025-05-04 22:12:39', '2025-05-04 22:12:39'),
	(25, 56, 'Comilla Sadar', 'কুমিল্লা সদর', '2025-05-04 22:13:08', '2025-05-04 22:13:08'),
	(26, 56, 'Meghna', 'মেঘনা', '2025-05-04 22:13:32', '2025-05-04 22:13:32'),
	(27, 56, 'Manoharganj', 'মনোহরগঞ্জ', '2025-05-04 22:13:58', '2025-05-04 22:13:58'),
	(28, 56, 'Sadar South', 'সদর দক্ষিণ', '2025-05-04 22:14:26', '2025-05-04 22:14:26'),
	(29, 56, 'Titas', 'তিতাস', '2025-05-04 22:14:46', '2025-05-04 22:14:46'),
	(30, 56, 'Burichang', 'বুড়িচং', '2025-05-04 22:15:09', '2025-05-04 22:15:09'),
	(31, 56, 'Lalmai', 'লালমাই', '2025-05-04 22:15:30', '2025-05-04 22:15:30'),
	(32, 1, 'সাভার-Ashulia', 'Savar-Ashulia', '2025-05-04 22:18:15', '2025-06-26 19:53:31'),
	(33, 1, 'Dhamrai', 'ধামরাই', '2025-05-04 22:18:40', '2025-05-04 22:18:40'),
	(34, 1, 'Keraniganj', 'কেরাণীগঞ্জ', '2025-05-04 22:19:01', '2025-05-04 22:19:01'),
	(35, 1, 'Nawabganj', 'নবাবগঞ্জ', '2025-05-04 22:19:25', '2025-05-04 22:19:25'),
	(36, 1, 'Dohar', 'দোহার', '2025-05-04 22:19:46', '2025-05-04 22:19:46'),
	(37, 1, 'Dhaka North City', 'ঢাকা উত্তর সিটি', '2025-05-04 22:24:07', '2025-05-04 22:24:07'),
	(38, 1, 'Dhaka South City', 'ঢাকা দক্ষিণ সিটি', '2025-05-04 22:24:23', '2025-05-04 22:24:23'),
	(39, 1, 'Shabagh', 'শাহাবাগ', '2025-05-04 22:30:31', '2025-05-04 22:30:31'),
	(40, 1, 'Badda-Rampura', 'বাড্ডা-রামপুরা', '2025-05-04 22:30:51', '2025-05-04 22:30:51'),
	(41, 1, 'Banani-Mohakhali', 'মহাখালী', '2025-05-04 22:31:09', '2025-06-16 14:39:40'),
	(42, 57, 'Chagalnaiya', 'ছাগলনাইয়া', '2025-05-05 00:11:19', '2025-05-05 00:11:19'),
	(43, 57, 'Feni Sadar', 'ফেনী সদর', '2025-05-05 00:11:39', '2025-05-05 00:11:39'),
	(44, 57, 'Sonagazi', 'সোনাগাজী', '2025-05-05 00:12:05', '2025-05-05 00:12:05'),
	(45, 57, 'Fulgazi', 'ফুলগাজী', '2025-05-05 00:12:34', '2025-05-05 00:12:34'),
	(46, 57, 'Parashuram', 'পরশুরাম', '2025-05-05 00:12:58', '2025-05-05 00:12:58'),
	(47, 57, 'Daganbhuiyan', 'দাগনভূঞা', '2025-05-05 00:13:24', '2025-05-05 00:13:24'),
	(48, 20, 'Gopalganj Sadar', 'গোপালগঞ্জ সদর', '2025-05-05 00:15:03', '2025-05-05 00:15:03'),
	(49, 20, 'Kashiani', 'কাশিয়ানী', '2025-05-05 00:15:25', '2025-05-05 00:15:25'),
	(50, 20, 'Tungipara', 'টুংগীপাড়া', '2025-05-05 00:15:49', '2025-05-05 00:15:49'),
	(51, 20, 'Kotalipara', 'কোটালীপাড়া', '2025-05-05 00:16:12', '2025-05-05 00:16:12'),
	(52, 20, 'Muksudpur', 'মুকসুদপুর', '2025-05-05 00:16:30', '2025-05-05 00:16:30'),
	(53, 4, 'Rangunia', 'রাঙ্গুনিয়া', '2025-05-05 00:21:23', '2025-05-05 00:21:23'),
	(54, 4, 'Sitakunda', 'সীতাকুন্ড', '2025-05-05 00:22:00', '2025-05-05 00:22:00'),
	(55, 4, 'Mirsarai', 'মীরসরাই', '2025-05-05 00:22:31', '2025-05-05 00:22:31'),
	(56, 4, 'Patiya', 'পটিয়া', '2025-05-05 00:22:50', '2025-05-05 00:22:50'),
	(57, 4, 'Sandwip', 'সন্দ্বীপ', '2025-05-05 00:23:10', '2025-05-05 00:23:10'),
	(58, 4, 'Banshkhali', 'বাঁশখালী', '2025-05-05 00:23:37', '2025-05-05 00:23:37'),
	(59, 4, 'Boalkhali', 'বোয়ালখালী', '2025-05-05 00:24:03', '2025-05-05 00:24:03'),
	(60, 4, 'Anwara', 'আনোয়ারা', '2025-05-05 00:24:21', '2025-05-05 00:24:21'),
	(61, 4, 'Chandanaish', 'চন্দনাইশ', '2025-05-05 00:24:42', '2025-05-05 00:24:42'),
	(62, 4, 'Satkania', 'সাতকানিয়া', '2025-05-05 00:25:01', '2025-05-05 00:25:01'),
	(63, 4, 'Lohagara', 'লোহাগাড়া', '2025-05-05 00:25:29', '2025-05-05 00:25:29'),
	(64, 4, 'Hathazari', 'হাটহাজারী', '2025-05-05 00:25:48', '2025-05-05 00:25:48'),
	(65, 4, 'Fatikchhari', 'ফটিকছড়ি', '2025-05-05 00:27:14', '2025-05-05 00:27:14'),
	(66, 4, 'Raozan', 'রাউজান', '2025-05-05 00:27:43', '2025-05-05 00:27:43'),
	(67, 4, 'Karnaphuli', 'কর্ণফুলী', '2025-05-05 00:28:00', '2025-05-05 00:31:39'),
	(68, 4, 'Chittagong City', 'চট্টগ্রাম সিটি', '2025-05-05 00:29:09', '2025-05-05 00:29:09'),
	(69, 58, 'Brahmanbaria Sadar', 'ব্রাহ্মণবাড়িয়া সদর', '2025-05-05 00:33:19', '2025-05-05 00:33:19'),
	(70, 58, 'Kasba', 'কসবা', '2025-05-05 00:33:47', '2025-05-05 00:33:47'),
	(71, 58, 'Nasirnagar', 'নাসিরনগর', '2025-05-05 00:34:17', '2025-05-05 00:34:17'),
	(72, 58, 'Sarail', 'সরাইল', '2025-05-05 00:34:41', '2025-05-05 00:34:41'),
	(73, 58, 'Ashuganj', 'আশুগঞ্জ', '2025-05-05 00:35:03', '2025-05-05 00:35:03'),
	(74, 58, 'Akhaura', 'আখাউড়া', '2025-05-05 00:35:24', '2025-05-05 00:35:24'),
	(75, 58, 'Nabinagar', 'নবীনগর', '2025-05-05 00:35:49', '2025-05-05 00:35:49'),
	(76, 58, 'Bancharampur', 'বাঞ্ছারামপুর', '2025-05-05 00:36:12', '2025-05-05 00:36:12'),
	(77, 58, 'Bijoynagar', 'বিজয়নগর', '2025-05-05 00:36:42', '2025-05-05 00:36:42'),
	(78, 59, 'Rangamati Sadar', 'রাঙ্গামাটি সদর', '2025-05-05 00:37:57', '2025-05-05 00:37:57'),
	(79, 59, 'কাপ্তাই', 'কাপ্তাই', '2025-05-05 00:38:29', '2025-05-05 00:38:29'),
	(80, 59, 'Kaukhali', 'কাউখালী', '2025-05-05 00:39:02', '2025-05-05 00:39:02'),
	(81, 59, 'Baghaichhari', 'বাঘাইছড়ি', '2025-05-05 00:39:39', '2025-05-05 00:39:39'),
	(82, 59, 'Barkal', 'বরকল', '2025-05-05 00:40:08', '2025-05-05 00:40:08'),
	(83, 59, 'Langadu', 'লংগদু', '2025-05-05 00:40:39', '2025-05-05 00:40:39'),
	(84, 59, 'Rajasthali', 'রাজস্থলী', '2025-05-05 00:41:37', '2025-05-05 00:41:37'),
	(85, 59, 'Bilaichhari', 'বিলাইছড়ি', '2025-05-05 00:42:14', '2025-05-05 00:42:14'),
	(86, 59, 'Jurachhari', 'জুরাছড়ি', '2025-05-05 00:43:29', '2025-05-05 00:43:29'),
	(87, 59, 'Naniarchar', 'নানিয়ারচর', '2025-05-05 00:44:01', '2025-05-05 00:44:01'),
	(88, 60, 'Noakhali Sadar', 'নোয়াখালী সদর', '2025-05-05 00:59:54', '2025-05-05 00:59:54'),
	(89, 60, 'Companiganj', 'কোম্পানীগঞ্জ', '2025-05-05 01:00:31', '2025-05-05 01:00:31'),
	(90, 60, 'Begumganj', 'বেগমগঞ্জ', '2025-05-05 01:00:52', '2025-05-05 01:00:52'),
	(91, 60, 'Hatia', 'হাতিয়া', '2025-05-05 01:01:13', '2025-05-05 01:01:13'),
	(92, 60, 'Subarnachar', 'সুবর্ণচর', '2025-05-05 01:01:41', '2025-05-05 01:01:41'),
	(93, 60, 'Kabirhat', 'কবিরহাট', '2025-05-05 01:02:02', '2025-05-05 01:02:02'),
	(94, 60, 'Senbag', 'সেনবাগ', '2025-05-05 01:02:23', '2025-05-05 01:02:23'),
	(95, 60, 'Chatkhil', 'চাটখিল', '2025-05-05 01:02:51', '2025-05-05 01:02:51'),
	(96, 60, 'Sonaimuri', 'সোনাইমুড়ী', '2025-05-05 01:03:15', '2025-05-05 01:03:15'),
	(97, 61, 'Haimchar', 'হাইমচর', '2025-05-05 01:03:58', '2025-05-05 01:03:58'),
	(98, 61, 'Shahrasti', 'শাহরাস্তি', '2025-05-05 01:05:15', '2025-05-05 01:05:15'),
	(99, 61, 'Chandpur Sadar', 'চাঁদপুর সদর', '2025-05-05 01:05:43', '2025-05-05 01:05:43'),
	(100, 61, 'Matlab', 'মতলব', '2025-05-05 01:06:18', '2025-05-05 01:06:18'),
	(101, 61, 'Hajiganj', 'হাজীগঞ্জ', '2025-05-05 01:07:43', '2025-05-05 01:07:43'),
	(102, 61, 'Faridganj', 'ফরিদগঞ্জ', '2025-05-05 01:08:12', '2025-05-05 01:08:12'),
	(103, 62, 'Lakshmipur Sadar', 'লক্ষ্মীপুর সদর', '2025-05-05 01:08:49', '2025-05-05 01:09:56'),
	(104, 62, 'Kamalnagar', 'কমলনগর', '2025-05-05 01:09:38', '2025-05-05 01:09:38'),
	(105, 62, 'Raipur', 'রায়পুর', '2025-05-05 01:10:17', '2025-05-05 01:10:17'),
	(106, 62, 'Ramgati', 'রামগতি', '2025-05-05 01:10:43', '2025-05-05 01:10:43'),
	(107, 62, 'Ramganj', 'রামগঞ্জ', '2025-05-05 01:11:00', '2025-05-05 01:11:00'),
	(108, 61, 'Kachua', 'কচুয়া', '2025-05-05 01:13:49', '2025-05-05 01:13:49'),
	(109, 5, 'Cox\'s Bazar Sadar', 'কক্সবাজার সদর', '2025-05-05 01:15:41', '2025-05-05 01:15:41'),
	(110, 5, 'Chakaria', 'Chakaria', '2025-05-05 01:16:10', '2025-05-05 01:16:10'),
	(111, 5, 'Kutubdia', 'কুতুবদিয়া', '2025-05-05 01:16:33', '2025-05-05 01:16:33'),
	(112, 5, 'Ukhia', 'উখিয়া', '2025-05-05 01:16:56', '2025-05-05 01:16:56'),
	(113, 5, 'Maheshkhali', 'মহেশখালী', '2025-05-05 01:17:22', '2025-05-05 01:17:22'),
	(114, 5, 'Pekua', 'পেকুয়া', '2025-05-05 01:17:52', '2025-05-05 01:17:52'),
	(115, 5, 'Ramu', 'রামু', '2025-05-05 01:18:13', '2025-05-05 01:18:13'),
	(116, 5, 'Teknaf', 'টেকনাফ', '2025-05-05 01:18:30', '2025-05-05 01:18:30'),
	(117, 63, 'Khagrachari Sadar', 'খাগড়াছড়ি সদর', '2025-05-05 01:19:02', '2025-05-05 01:19:02'),
	(118, 63, 'Dighinala', 'দিঘীনালা', '2025-05-05 01:19:26', '2025-05-05 01:19:26'),
	(119, 63, 'Panchhari', 'পানছড়ি', '2025-05-05 01:19:52', '2025-05-05 01:19:52'),
	(120, 63, 'Laxmichhari', 'লক্ষীছড়ি', '2025-05-05 01:20:27', '2025-05-05 01:20:27'),
	(121, 63, 'Mahalchhari', 'মহালছড়ি', '2025-05-05 01:20:50', '2025-05-05 01:20:50'),
	(122, 63, 'Manikchhari', 'মানিকছড়ি', '2025-05-05 01:21:14', '2025-05-05 01:21:14'),
	(123, 63, 'Ramgarh', 'Manikchhari', '2025-05-05 01:21:37', '2025-05-05 01:21:37'),
	(124, 63, 'Matiranga', 'মাটিরাঙ্গা', '2025-05-05 01:22:02', '2025-05-05 01:22:02'),
	(125, 63, 'Guimara', 'গুইমারা', '2025-05-05 01:22:26', '2025-05-05 01:22:26'),
	(126, 64, 'Bandarban Sadar', 'বান্দরবান সদর', '2025-05-05 01:22:52', '2025-05-05 01:22:52'),
	(127, 64, 'Alikadam', 'আলীকদম', '2025-05-05 01:23:28', '2025-05-05 01:23:28'),
	(128, 64, 'Naikshongchhari', 'নাইক্ষ্যংছড়ি', '2025-05-05 01:23:51', '2025-05-05 01:23:51'),
	(129, 64, 'Rowangchhari', 'রোয়াংছড়ি', '2025-05-05 01:24:16', '2025-05-05 01:24:16'),
	(130, 64, 'Lama', 'লামা', '2025-05-05 01:24:38', '2025-05-05 01:24:38'),
	(131, 64, 'Ruma', 'রুমা', '2025-05-05 01:25:02', '2025-05-05 01:25:02'),
	(132, 64, 'Thanchi', 'থানচি', '2025-05-05 01:25:22', '2025-05-05 01:25:22'),
	(133, 49, 'Mujibnagar', 'মুজিবনগর', '2025-05-05 01:28:56', '2025-05-05 01:28:56'),
	(134, 49, 'Meherpur Sadar', 'মেহেরপুর সদর', '2025-05-05 01:29:22', '2025-05-05 01:29:22'),
	(135, 49, 'Gangni', 'গাংনী', '2025-05-05 01:29:42', '2025-05-05 01:29:42'),
	(136, 50, 'Narail Sadar', 'নড়াইল সদর', '2025-05-05 01:30:08', '2025-05-05 01:30:08'),
	(137, 50, 'Kalia', 'কালিয়া', '2025-05-05 01:31:07', '2025-05-05 01:31:07'),
	(138, 50, 'Lohagara-Narail', 'লোহাগড়া-নড়াইল', '2025-05-05 01:35:59', '2025-05-05 01:35:59'),
	(139, 28, 'Belkuchi', 'বেলকুচি', '2025-05-05 11:13:53', '2025-05-05 11:13:53'),
	(140, 28, 'Chauhali', 'চৌহালি', '2025-05-05 11:14:18', '2025-05-05 11:14:18'),
	(141, 28, 'Kamarkhand', 'কামারখন্দ', '2025-05-05 11:14:39', '2025-05-05 11:14:39'),
	(142, 28, 'Kazipur', 'কাজীপুর', '2025-05-05 11:15:18', '2025-05-05 11:15:18'),
	(143, 28, 'Raiganj', 'রায়গঞ্জ', '2025-05-05 11:15:47', '2025-05-05 11:15:47'),
	(144, 28, 'Shahjadpur', 'শাহজাদপুর', '2025-05-05 11:16:15', '2025-05-05 11:16:15'),
	(145, 28, 'Sirajganj Sadar', 'সিরাজগঞ্জ সদর', '2025-05-05 11:16:57', '2025-05-05 11:16:57'),
	(146, 28, 'Tarash', 'তাড়াশ', '2025-05-05 11:17:22', '2025-05-05 11:17:22'),
	(147, 28, 'Ullapara', 'উল্লাপাড়া', '2025-05-05 11:17:45', '2025-05-05 11:17:45'),
	(148, 29, 'Sujanagar', 'সুজানগর', '2025-05-05 11:18:12', '2025-05-05 11:18:12'),
	(149, 29, 'Ishwardi', 'ঈশ্বরদী', '2025-05-05 11:18:32', '2025-05-05 11:18:32'),
	(150, 29, 'Bhangura', 'ভাঙ্গুড়া', '2025-05-05 11:18:54', '2025-05-05 11:18:54'),
	(151, 29, 'Pabna Sadar', 'পাবনা সদর', '2025-05-05 11:19:19', '2025-05-05 11:19:19'),
	(152, 29, 'Bera', 'বেড়া', '2025-05-05 11:19:39', '2025-05-05 11:19:39'),
	(153, 29, 'Atgharia', 'আটঘরিয়া', '2025-05-05 11:20:06', '2025-05-05 11:20:06'),
	(154, 29, 'Chatmohar', 'চাটমোহর', '2025-05-05 11:20:30', '2025-05-05 11:20:30'),
	(155, 29, 'Santhia', 'সাঁথিয়া', '2025-05-05 11:20:49', '2025-05-05 11:20:49'),
	(156, 29, 'Faridpur', 'ফরিদপুর', '2025-05-05 11:21:15', '2025-05-05 11:21:15'),
	(157, 30, 'Kahalu', 'কাহালু', '2025-05-05 11:22:17', '2025-05-05 11:22:17'),
	(158, 30, 'Bogra Sadar', 'বগুড়া সদর', '2025-05-05 11:22:46', '2025-05-05 11:22:46'),
	(159, 30, 'Sariakandi', 'সারিয়াকান্দি', '2025-05-05 11:23:18', '2025-05-05 11:23:18'),
	(160, 30, 'Shajahanpur', 'শাজাহানপুর', '2025-05-05 11:23:57', '2025-05-05 11:23:57'),
	(161, 30, 'Dupchachiya', 'দুপচাচিঁয়া', '2025-05-05 11:24:27', '2025-05-05 11:24:27'),
	(162, 30, 'Adamdighi', 'আদমদিঘি', '2025-05-05 11:24:50', '2025-05-05 11:24:50'),
	(163, 30, 'Nandigram', 'নন্দিগ্রাম', '2025-05-05 11:25:13', '2025-05-05 11:25:13'),
	(164, 30, 'Sonatala', 'সোনাতলা', '2025-05-05 11:25:47', '2025-05-05 11:25:47'),
	(165, 30, 'Dhunat', 'ধুনট', '2025-05-05 11:26:11', '2025-05-05 11:26:11'),
	(166, 30, 'Gabtoli', 'গাবতলী', '2025-05-05 11:26:38', '2025-05-05 11:26:38'),
	(167, 30, 'শেরপুর', 'Sherpur', '2025-05-05 11:27:18', '2025-05-05 11:27:18'),
	(168, 30, 'Shibganj', 'শিবগঞ্জ', '2025-05-05 11:27:41', '2025-05-05 11:27:41'),
	(169, 6, 'Paba', 'পবা', '2025-05-05 11:29:00', '2025-05-05 11:29:00'),
	(170, 6, 'Durgapur', 'দুর্গাপুর', '2025-05-05 11:29:38', '2025-05-05 11:29:38'),
	(171, 6, 'Mohanpur', 'মোহনপুর', '2025-05-05 11:30:12', '2025-05-05 11:30:12'),
	(172, 6, 'Charghat', 'চারঘাট', '2025-05-05 11:30:54', '2025-05-05 11:30:54'),
	(173, 6, 'Puthia', 'পুঠিয়া', '2025-05-05 11:32:01', '2025-05-05 11:32:01'),
	(174, 6, 'বাঘা', 'Bagha', '2025-05-05 11:32:25', '2025-05-05 11:32:25'),
	(175, 6, 'Godagari', 'গোদাগাড়ী', '2025-05-05 11:32:46', '2025-05-05 11:32:46'),
	(176, 6, 'Tanore', 'তানোর', '2025-05-05 11:33:11', '2025-05-05 11:33:11'),
	(177, 6, 'Bagmara', 'বাগমারা', '2025-05-05 11:33:35', '2025-05-05 11:33:35'),
	(178, 6, 'Rajshahi City', 'রাজশাহী সিটি', '2025-05-05 11:34:32', '2025-05-05 11:34:32'),
	(179, 31, 'Natore Sadar', 'নাটোর সদর', '2025-05-05 11:36:22', '2025-05-05 11:36:22'),
	(180, 31, 'Singra', 'সিংড়া', '2025-05-05 11:36:42', '2025-05-05 11:36:42'),
	(181, 31, 'Baraigram', 'বড়াইগ্রাম', '2025-05-05 11:37:02', '2025-05-05 11:37:02'),
	(182, 31, 'Bagatipara', 'বাগাতিপাড়া', '2025-05-05 11:37:29', '2025-05-05 11:37:29'),
	(183, 31, 'Lalpur', 'লালপুর', '2025-05-05 11:37:49', '2025-05-05 11:37:49'),
	(184, 31, 'Gurudaspur', 'গুরুদাসপুর', '2025-05-05 11:38:07', '2025-05-05 11:38:07'),
	(185, 31, 'Naldanga', 'নলডাঙ্গা', '2025-05-05 11:38:26', '2025-05-05 11:38:26'),
	(186, 32, 'Akkelpur', 'আক্কেলপুর', '2025-05-05 11:39:01', '2025-05-05 11:39:01'),
	(187, 32, 'Kalai', 'কালাই', '2025-05-05 11:39:20', '2025-05-05 11:39:20'),
	(188, 32, 'Khetlal', 'ক্ষেতলাল', '2025-05-05 11:39:40', '2025-05-05 11:39:40'),
	(189, 32, 'Panchbibi', 'পাঁচবিবি', '2025-05-05 11:40:02', '2025-05-05 11:40:02'),
	(190, 32, 'Joypurhat Sadar', 'জয়পুরহাট সদর', '2025-05-05 11:40:26', '2025-05-05 11:40:26'),
	(191, 33, 'Chapainawabganj Sadar', 'চাঁপাইনবাবগঞ্জ সদর', '2025-05-05 11:41:49', '2025-05-05 11:41:49'),
	(192, 33, 'Gomostapur', 'গোমস্তাপুর', '2025-05-05 11:42:10', '2025-05-05 11:42:10'),
	(193, 33, 'Nachol', 'নাচোল', '2025-05-05 11:42:35', '2025-05-05 11:42:35'),
	(194, 33, 'Bholahat', 'ভোলাহাট', '2025-05-05 11:43:03', '2025-05-05 11:43:03'),
	(195, 33, 'Shibganj-Chapainawabganj', 'শিবগঞ্জ-চাঁপাইনবাবগঞ্জ', '2025-05-05 11:44:10', '2025-05-05 11:44:10'),
	(196, 34, 'Mahadebpur', 'মহাদেবপুর', '2025-05-05 11:44:44', '2025-05-05 11:44:44'),
	(197, 34, 'Badalgachhi', 'বদলগাছী', '2025-05-05 11:45:09', '2025-05-05 11:45:09'),
	(198, 34, 'Patnitala', 'পত্নিতলা', '2025-05-05 11:45:26', '2025-05-05 11:45:26'),
	(199, 34, 'Dhamairhat', 'ধামইরহাট', '2025-05-05 11:45:49', '2025-05-05 11:45:49'),
	(200, 34, 'Niamatpur', 'নিয়ামতপুর', '2025-05-05 11:46:06', '2025-05-05 11:46:06'),
	(201, 34, 'Manda', 'মান্দা', '2025-05-05 11:46:21', '2025-05-05 11:46:21'),
	(202, 34, 'Atrai', 'আত্রাই', '2025-05-05 11:46:36', '2025-05-05 11:46:36'),
	(203, 34, 'Raninagar', 'রাণীনগর', '2025-05-05 11:46:56', '2025-05-05 11:46:56'),
	(204, 34, 'Naogaon Sadar', 'নওগাঁ সদর', '2025-05-05 11:47:25', '2025-05-05 11:47:25'),
	(205, 34, 'Porsha', 'পোরশা', '2025-05-05 11:47:42', '2025-05-05 11:47:42'),
	(206, 34, 'Sapahar', 'সাপাহার', '2025-05-05 11:48:00', '2025-05-05 11:48:00'),
	(207, 47, 'Manirampur', 'মণিরামপুর', '2025-05-05 11:48:51', '2025-05-05 11:48:51'),
	(208, 47, 'Abhaynagar', 'অভয়নগর', '2025-05-05 11:49:05', '2025-05-05 11:49:05'),
	(209, 47, 'Bagharpara', 'বাঘারপাড়া', '2025-05-05 11:49:19', '2025-05-05 11:49:19'),
	(210, 47, 'Chaugachha', 'চৌগাছা', '2025-05-05 11:49:46', '2025-05-05 11:49:46'),
	(211, 47, 'Jhikargachha', 'ঝিকরগাছা', '2025-05-05 11:50:03', '2025-05-05 11:50:03'),
	(212, 47, 'Keshabpur', 'কেশবপুর', '2025-05-05 11:50:28', '2025-05-05 11:50:28'),
	(213, 47, 'Sharsha', 'শার্শা', '2025-05-05 11:50:48', '2025-05-05 11:50:48'),
	(214, 47, 'Jessore Sadar', 'যশোর সদর', '2025-05-05 11:51:16', '2025-05-05 11:51:16'),
	(215, 48, 'Ashasuni', 'আশাশুনি', '2025-05-05 11:51:33', '2025-05-05 11:51:33'),
	(216, 48, 'Debhata', 'দেবহাটা', '2025-05-05 11:51:48', '2025-05-05 11:51:48'),
	(217, 48, 'Kalaroa', 'কলারোয়া', '2025-05-05 11:52:06', '2025-05-05 11:52:06'),
	(218, 48, 'Satkhira Sadar', 'সাতক্ষীরা সদর', '2025-05-05 11:52:27', '2025-05-05 11:52:27'),
	(219, 48, 'Shyamnagar', 'শ্যামনগর', '2025-05-05 11:52:41', '2025-05-05 11:52:41'),
	(220, 48, 'Tala', 'তালা', '2025-05-05 11:52:57', '2025-05-05 11:52:57'),
	(221, 48, 'Kaliganj', 'কালিগঞ্জ', '2025-05-05 11:53:16', '2025-05-05 11:53:16'),
	(222, 9, 'Balaganj', 'বালাগঞ্জ', '2025-05-05 12:02:34', '2025-05-05 12:02:34'),
	(223, 9, 'Bishwanath', 'বিশ্বনাথ', '2025-05-05 12:03:21', '2025-05-05 12:03:21'),
	(224, 9, 'Fenchuganj', 'ফেঞ্চুগঞ্জ', '2025-05-05 12:04:06', '2025-05-05 12:04:06'),
	(225, 9, 'Companiganj-Sylhet', 'কোম্পানীগঞ্জ-সিলেট', '2025-05-05 12:05:00', '2025-05-05 12:05:00'),
	(226, 9, 'Gowainghat', 'গোয়াইনঘাট', '2025-05-05 12:05:24', '2025-05-05 12:05:24'),
	(227, 9, 'Jaintapur', 'জৈন্তাপুর', '2025-05-05 12:05:55', '2025-05-05 12:05:55'),
	(228, 9, 'Kanaighat', 'কানাইঘাট', '2025-05-05 12:06:22', '2025-05-05 12:06:22'),
	(229, 9, 'Zakiganj', 'জকিগঞ্জ', '2025-05-05 12:06:48', '2025-05-05 12:06:48'),
	(230, 9, 'Dakshin Surma', 'দক্ষিণ সুরমা', '2025-05-05 12:07:26', '2025-05-05 12:07:26'),
	(231, 9, 'Osmani', 'ওসমানী', '2025-05-05 12:07:45', '2025-05-05 12:07:45'),
	(232, 22, 'Barelekha', 'বড়লেখা', '2025-05-05 12:08:16', '2025-05-05 12:08:16'),
	(233, 22, 'Kamalganj', 'কমলগঞ্জ', '2025-05-05 12:08:43', '2025-05-05 12:08:43'),
	(234, 22, 'Kulaura', 'কুলাউড়া', '2025-05-05 12:09:09', '2025-05-05 12:09:09'),
	(235, 22, 'Moulvibazar Sadar', 'মৌলভীবাজার সদর', '2025-05-05 12:09:46', '2025-05-05 12:09:46'),
	(236, 22, 'Rajnagar', 'রাজনগর', '2025-05-05 12:10:35', '2025-05-05 12:10:35'),
	(237, 22, 'Srimangal', 'শ্রীমঙ্গল', '2025-05-05 12:10:53', '2025-05-05 12:10:53'),
	(238, 22, 'Juri', 'জুড়ী', '2025-05-05 12:11:11', '2025-05-05 12:11:11'),
	(239, 23, 'Nabiganj', 'নবীগঞ্জ', '2025-05-05 12:12:06', '2025-05-05 12:12:06'),
	(240, 23, 'Bahubal', 'বাহুবল', '2025-05-05 12:12:34', '2025-05-05 12:12:34'),
	(241, 23, 'Ajmiriganj', 'আজমিরীগঞ্জ', '2025-05-05 12:12:53', '2025-05-05 12:12:53'),
	(242, 23, 'Baniachong', 'বানিয়াচং', '2025-05-05 12:13:36', '2025-05-05 12:13:36'),
	(243, 23, 'Lakhai', 'লাখাই', '2025-05-05 12:13:54', '2025-05-05 12:13:54'),
	(244, 23, 'Chunarughat', 'চুনারুঘাট', '2025-05-05 12:14:12', '2025-05-05 12:14:12'),
	(245, 23, 'Habiganj Sadar', 'হবিগঞ্জ সদর', '2025-05-05 12:14:33', '2025-05-05 12:14:33'),
	(246, 23, 'Madhabpur', 'মাধবপুর', '2025-05-05 12:14:57', '2025-05-05 12:14:57'),
	(247, 23, 'Shayestaganj', 'শায়েস্তাগঞ্জ', '2025-05-05 12:15:15', '2025-05-05 12:15:15'),
	(248, 24, 'Sunamganj Sadar', 'সুনামগঞ্জ সদর', '2025-05-05 12:15:50', '2025-05-05 12:15:50'),
	(249, 24, 'South Sunamganj', 'দক্ষিণ সুনামগঞ্জ', '2025-05-05 12:16:19', '2025-05-05 12:16:19'),
	(250, 24, 'Bishwambharpur', 'বিশ্বম্ভরপুর', '2025-05-05 12:16:35', '2025-05-05 12:16:35'),
	(251, 24, 'Chhatak', 'ছাতক', '2025-05-05 12:16:51', '2025-05-05 12:16:51'),
	(252, 24, 'Jagannathpur', 'জগন্নাথপুর', '2025-05-05 12:17:13', '2025-05-05 12:17:13'),
	(253, 24, 'Doarabazar', 'দোয়ারাবাজার', '2025-05-05 12:25:32', '2025-05-05 12:25:32'),
	(254, 24, 'Tahirpur', 'তাহিরপুর', '2025-05-05 12:26:02', '2025-05-05 12:26:02'),
	(255, 24, 'Dharmapasha', 'ধর্মপাশা', '2025-05-05 12:26:20', '2025-05-05 12:26:20'),
	(256, 24, 'Jamalganj', 'জামালগঞ্জ', '2025-05-05 12:26:38', '2025-05-05 12:26:38'),
	(257, 24, 'Shalla', 'শাল্লা', '2025-05-05 12:26:57', '2025-05-05 12:26:57'),
	(258, 24, 'Dirai', 'দিরাই', '2025-05-05 12:27:14', '2025-05-05 12:27:14'),
	(259, 24, 'Madhyanagar', 'মধ্যনগর', '2025-05-05 12:27:33', '2025-05-05 12:27:33'),
	(260, 51, 'Chuadanga Sadar', 'চুয়াডাঙ্গা সদর', '2025-05-05 12:37:40', '2025-05-05 12:37:40'),
	(261, 51, 'আলমডাঙ্গা', 'Alamdanga', '2025-05-05 12:38:00', '2025-05-05 12:38:00'),
	(262, 51, 'Damurhuda', 'দামুড়হুদা', '2025-05-05 12:38:19', '2025-05-05 12:38:19'),
	(263, 51, 'Jibannagar', 'জীবননগর', '2025-05-05 12:38:37', '2025-05-05 12:38:37'),
	(264, 52, 'Kushtia Sadar', 'কুষ্টিয়া সদর', '2025-05-05 12:39:09', '2025-05-05 12:39:09'),
	(265, 52, 'Kumarkhali', 'কুমারখালী', '2025-05-05 12:39:24', '2025-05-05 12:39:24'),
	(266, 52, 'Khoksa', 'খোকসা', '2025-05-05 12:39:39', '2025-05-05 12:39:39'),
	(267, 52, 'মিরপুর', 'Mirpur', '2025-05-05 12:40:00', '2025-05-05 12:40:00'),
	(268, 52, 'Daulatpur', 'দৌলতপুর', '2025-05-05 12:40:16', '2025-05-05 12:40:16'),
	(269, 52, 'Bheramara', 'ভেড়ামারা', '2025-05-05 12:40:32', '2025-05-05 12:40:32'),
	(270, 53, 'Shalikha', 'শালিখা', '2025-05-05 12:40:50', '2025-05-05 12:40:50'),
	(271, 53, 'শ্রীপুর', 'Sreepur', '2025-05-05 12:41:09', '2025-05-05 12:41:09'),
	(272, 53, 'Magura Sadar', 'মাগুরা সদর', '2025-05-05 12:41:28', '2025-05-05 12:41:28'),
	(273, 53, 'Mohammadpur-Magura', 'মহম্মদপুর', '2025-05-05 12:42:04', '2025-05-05 12:42:04'),
	(274, 7, 'Paikgachha', 'পাইকগাছা', '2025-05-05 12:42:31', '2025-05-05 12:42:31'),
	(275, 7, 'Fultala', 'ফুলতলা', '2025-05-05 12:42:45', '2025-05-05 12:42:45'),
	(276, 7, 'Dighlia', 'দিঘলিয়া', '2025-05-05 12:43:04', '2025-05-05 12:43:04'),
	(277, 7, 'Rupsa', 'রূপসা', '2025-05-05 12:43:30', '2025-05-05 12:43:30'),
	(278, 7, 'Terkhada', 'তেরখাদা', '2025-05-05 12:43:45', '2025-05-05 12:43:45'),
	(279, 7, 'Dumuria', 'ডুমুরিয়া', '2025-05-05 12:44:04', '2025-05-05 12:44:04'),
	(280, 7, 'Batiaghata', 'বটিয়াঘাটা', '2025-05-05 12:44:20', '2025-05-05 12:44:20'),
	(281, 7, 'Dakop', 'দাকোপ', '2025-05-05 12:44:39', '2025-05-05 12:44:39'),
	(282, 7, 'Koyra', 'কয়রা', '2025-05-05 12:44:55', '2025-05-05 12:44:55'),
	(283, 54, 'Fakirhat', 'ফকিরহাট', '2025-05-05 12:45:21', '2025-05-05 12:45:21'),
	(284, 54, 'Mollahat', 'মোল্লাহাট', '2025-05-05 12:45:38', '2025-05-05 12:45:38'),
	(285, 54, 'Bagerhat Sadar', 'বাগেরহাট সদর', '2025-05-05 12:46:00', '2025-05-05 12:46:00'),
	(286, 7, 'Sharankhola', 'শরণখোলা', '2025-05-05 12:46:20', '2025-05-05 12:46:20'),
	(287, 7, 'Rampal', 'রামপাল', '2025-05-05 12:46:37', '2025-05-05 12:46:37'),
	(288, 54, 'Morelganj', 'মোড়েলগঞ্জ', '2025-05-05 12:46:54', '2025-05-05 12:46:54'),
	(289, 54, 'Kachua-Bagerhat', 'কচুয়া-বাগেরহাট', '2025-05-05 12:47:32', '2025-05-05 12:47:32'),
	(290, 54, 'Mongla', 'মোংলা', '2025-05-05 12:47:56', '2025-05-05 12:47:56'),
	(291, 54, 'Chitalmari', 'চিতলমারী', '2025-05-05 12:48:17', '2025-05-05 12:48:17'),
	(292, 55, 'Jhenaidah Sadar', 'ঝিনাইদহ সদর', '2025-05-05 12:48:46', '2025-05-05 12:48:46'),
	(293, 55, 'Shailkupa', 'শৈলকুপা', '2025-05-05 12:49:09', '2025-05-05 12:49:09'),
	(294, 55, 'Harinakundu', 'হরিণাকুন্ডু', '2025-05-05 12:49:28', '2025-05-05 12:49:28'),
	(295, 55, 'Kaliganj-Jhenaidah', 'কালীগঞ্জ-ঝিনাইদহ', '2025-05-05 12:50:00', '2025-05-05 12:50:00'),
	(296, 55, 'Kotchandpur', 'কোটচাঁদপুর', '2025-05-05 12:50:19', '2025-05-05 12:50:19'),
	(297, 55, 'Maheshpur', 'মহেশপুর', '2025-05-05 12:50:35', '2025-05-05 12:50:35'),
	(298, 25, 'Sherpur Sadar', 'শেরপুর সদর', '2025-05-05 12:53:27', '2025-05-05 12:53:27'),
	(299, 25, 'Nalitabari', 'নালিতাবাড়ী', '2025-05-05 12:53:51', '2025-05-05 12:53:51'),
	(300, 25, 'Sribardi', 'শ্রীবরদী', '2025-05-05 12:54:08', '2025-05-05 12:54:08'),
	(301, 25, 'Nakla', 'নকলা', '2025-05-05 12:54:25', '2025-05-05 12:54:25'),
	(302, 25, 'Jhenaigati', 'ঝিনাইগাতী', '2025-05-05 12:54:41', '2025-05-05 12:54:41'),
	(303, 11, 'Phulbaria', 'ফুলবাড়ীয়া', '2025-05-05 12:55:02', '2025-05-05 12:55:02'),
	(304, 11, 'Trishal', 'ত্রিশাল', '2025-05-05 12:55:21', '2025-05-05 12:55:21'),
	(305, 11, 'Bhaluka', 'ভালুকা', '2025-05-05 12:55:38', '2025-05-05 12:55:38'),
	(306, 11, 'Muktagachha', 'মুক্তাগাছা', '2025-05-05 12:55:58', '2025-05-05 12:55:58'),
	(307, 11, 'Mymensingh Sadar', 'ময়মনসিংহ সদর', '2025-05-05 12:56:21', '2025-05-05 12:56:21'),
	(308, 11, 'Dhobaura', 'ধোবাউড়া', '2025-05-05 12:56:48', '2025-05-05 12:56:48'),
	(309, 11, 'Phulpur', 'ফুলপুর', '2025-05-05 12:57:07', '2025-05-05 12:57:07'),
	(310, 11, 'Haluaghat', 'হালুয়াঘাট', '2025-05-05 12:57:25', '2025-05-05 12:57:25'),
	(311, 11, 'Gouripur', 'গৌরীপুর', '2025-05-05 12:57:41', '2025-05-05 12:57:41'),
	(312, 11, 'Gafargaon', 'গফরগাঁও', '2025-05-05 12:57:57', '2025-05-05 12:57:57'),
	(313, 11, 'Ishwarganj', 'ঈশ্বরগঞ্জ', '2025-05-05 12:58:16', '2025-05-05 12:58:16'),
	(314, 11, 'Nandail', 'নান্দাইল', '2025-05-05 12:58:45', '2025-05-05 12:58:45'),
	(315, 11, 'Tarakanda', 'তারাকান্দা', '2025-05-05 12:59:34', '2025-05-05 12:59:34'),
	(316, 26, 'Jamalpur Sadar', 'জামালপুর সদর', '2025-05-05 12:59:57', '2025-05-05 12:59:57'),
	(317, 26, 'Melanda', 'মেলান্দহ', '2025-05-05 13:00:15', '2025-05-05 13:00:15'),
	(318, 26, 'Islampur', 'ইসলামপুর', '2025-05-05 13:00:33', '2025-05-05 13:00:33'),
	(319, 26, 'Dewanganj', 'দেওয়ানগঞ্জ', '2025-05-05 13:00:48', '2025-05-05 13:00:48'),
	(320, 26, 'Sarishabari', 'সরিষাবাড়ী', '2025-05-05 13:01:04', '2025-05-05 13:01:04'),
	(321, 26, 'Madarganj', 'মাদারগঞ্জ', '2025-05-05 13:01:20', '2025-05-05 13:01:20'),
	(322, 26, 'Bakshiganj', 'বকশীগঞ্জ', '2025-05-05 13:01:38', '2025-05-05 13:01:38'),
	(323, 27, 'Barhatta', 'বারহাট্টা', '2025-05-05 13:01:54', '2025-05-05 13:01:54'),
	(324, 27, 'Durgapur-Netrokona', 'দুর্গাপুর-নেত্রকোণা', '2025-05-05 13:02:26', '2025-05-05 13:02:26'),
	(325, 27, 'Kendua', 'কেন্দুয়া', '2025-05-05 13:02:49', '2025-05-05 13:02:49'),
	(326, 27, 'আটপাড়া', 'Atpara', '2025-05-05 13:03:17', '2025-05-05 13:03:17'),
	(327, 27, 'Madan', 'মদন', '2025-05-05 13:03:34', '2025-05-05 13:03:34'),
	(328, 27, 'Khaliajuri', 'খালিয়াজুরী', '2025-05-05 13:03:52', '2025-05-05 13:03:52'),
	(329, 27, 'Kalmakanda', 'কলমাকান্দা', '2025-05-05 13:04:09', '2025-05-05 13:04:09'),
	(330, 27, 'Mohanganj', 'মোহনগঞ্জ', '2025-05-05 13:04:26', '2025-05-05 13:04:26'),
	(331, 27, 'Purbadhola', 'পূর্বধলা', '2025-05-05 13:04:50', '2025-05-05 13:04:50'),
	(332, 27, 'Netrokona Sadar', 'নেত্রকোণা সদর', '2025-05-05 13:05:08', '2025-05-05 13:05:08'),
	(333, 42, 'Jhalokati Sadar', 'ঝালকাঠি সদর', '2025-05-05 13:11:40', '2025-05-05 13:11:40'),
	(334, 42, 'Kathalia', 'Kathalia', '2025-05-05 13:12:11', '2025-05-05 13:12:11'),
	(335, 42, 'Nalchiti', 'নলছিটি', '2025-05-05 13:12:33', '2025-05-05 13:12:33'),
	(336, 42, 'Rajapur', 'রাজাপুর', '2025-05-05 13:12:58', '2025-05-05 13:12:58'),
	(337, 43, 'Baufal', 'বাউফল', '2025-05-05 13:13:26', '2025-05-05 13:13:26'),
	(338, 43, 'Patuakhali Sadar', 'পটুয়াখালী সদর', '2025-05-05 13:13:50', '2025-05-05 13:13:50'),
	(339, 43, 'Dumki', 'দুমকি', '2025-05-05 13:14:11', '2025-05-05 13:14:11'),
	(340, 43, 'Dashmina', 'দশমিনা', '2025-05-05 13:14:34', '2025-05-05 13:14:34'),
	(341, 43, 'Kalapara', 'কলাপাড়া', '2025-05-05 13:14:51', '2025-05-05 13:14:51'),
	(342, 43, 'Mirzaganj', 'মির্জাগঞ্জ', '2025-05-05 13:15:23', '2025-05-05 13:15:23'),
	(343, 43, 'Galachipa', 'গলাচিপা', '2025-05-05 13:15:43', '2025-05-05 13:15:43'),
	(344, 43, 'Rangabali', 'রাঙ্গাবালী', '2025-05-05 13:16:02', '2025-05-05 13:16:02'),
	(345, 44, 'Pirojpur Sadar', 'পিরোজপুর সদর', '2025-05-05 13:16:30', '2025-05-05 13:16:30'),
	(346, 44, 'Nazirpur', 'নাজিরপুর', '2025-05-05 13:16:51', '2025-05-05 13:16:51'),
	(347, 44, 'Bhandaria', 'ভান্ডারিয়া', '2025-05-05 13:17:34', '2025-05-05 13:17:34'),
	(348, 44, 'Kaukhali-Pirojpur', 'কাউখালী-পিরোজপুর', '2025-05-05 13:18:24', '2025-05-05 13:18:24'),
	(349, 44, 'Mathbaria', 'মঠবাড়ীয়া', '2025-05-05 13:19:18', '2025-05-05 13:19:18'),
	(350, 44, 'Nesarabad', 'নেছারাবাদ', '2025-05-05 13:19:33', '2025-05-05 13:19:33'),
	(351, 44, 'Indurkani', 'ইন্দুরকানী', '2025-05-05 13:19:56', '2025-05-05 13:19:56'),
	(352, 8, 'Barisal Sadar', 'বরিশাল সদর', '2025-05-05 13:20:26', '2025-05-05 13:20:26'),
	(353, 8, 'Bakerganj', 'বাকেরগঞ্জ', '2025-05-05 13:20:43', '2025-05-05 13:20:43'),
	(354, 8, 'Babuganj', 'বাবুগঞ্জ', '2025-05-05 13:20:57', '2025-05-05 13:20:57'),
	(355, 8, 'Uzirpur', 'উজিরপুর', '2025-05-05 13:21:19', '2025-05-05 13:21:19'),
	(356, 8, 'Banaripara', 'বানারীপাড়া', '2025-05-05 13:21:43', '2025-05-05 13:21:43'),
	(357, 8, 'Gournadi', 'গৌরনদী', '2025-05-05 13:21:59', '2025-05-05 13:21:59'),
	(358, 8, 'Agailjhara', 'আগৈলঝাড়া', '2025-05-05 13:22:18', '2025-05-05 13:22:18'),
	(359, 8, 'Mehendiganj', 'মেহেন্দিগঞ্জ', '2025-05-05 13:22:37', '2025-05-05 13:22:37'),
	(360, 8, 'Muladi', 'মুলাদী', '2025-05-05 13:22:55', '2025-05-05 13:22:55'),
	(361, 8, 'Hijla', 'হিজলা', '2025-05-05 13:23:12', '2025-05-05 13:23:12'),
	(362, 45, 'Bhola Sadar', 'ভোলা সদর', '2025-05-05 13:23:45', '2025-05-05 13:23:45'),
	(363, 45, 'Borhan Uddin', 'বোরহান উদ্দিন', '2025-05-05 13:24:15', '2025-05-05 13:24:15'),
	(364, 45, 'Char Fashion', 'চরফ্যাশন', '2025-05-05 13:24:40', '2025-05-05 13:24:40'),
	(365, 45, 'Daulat Khan', 'দৌলতখান', '2025-05-05 13:25:02', '2025-05-05 13:25:02'),
	(366, 45, 'Monpura', 'মনপুরা', '2025-05-05 13:25:19', '2025-05-05 13:25:19'),
	(367, 45, 'Tajumuddin', 'তজুমদ্দিন', '2025-05-05 13:25:41', '2025-05-05 13:25:41'),
	(368, 45, 'Lalmohan', 'লালমোহন', '2025-05-05 13:25:54', '2025-05-05 13:25:54'),
	(369, 46, 'Amtali', 'আমতলী', '2025-05-05 13:26:18', '2025-05-05 13:26:18'),
	(370, 46, 'Barguna Sada', 'বরগুনা সদর', '2025-05-05 13:26:56', '2025-05-05 13:26:56'),
	(371, 46, 'Betagi', 'বেতাগী', '2025-05-05 13:27:20', '2025-05-05 13:27:20'),
	(372, 46, 'Bamna', 'বামনা', '2025-05-05 13:27:40', '2025-05-05 13:27:40'),
	(373, 46, 'Patharghata', 'পাথরঘাটা', '2025-05-05 13:27:59', '2025-05-05 13:27:59'),
	(374, 46, 'Taltali', 'তালতলি', '2025-05-05 13:28:24', '2025-05-05 13:28:24'),
	(375, 12, 'Belabo', 'বেলাবো', '2025-05-05 15:14:09', '2025-05-05 15:14:09'),
	(376, 12, 'Monohardi', 'মনোহরদী', '2025-05-05 15:14:29', '2025-05-05 15:14:29'),
	(377, 12, 'Narsingdi Sadar', 'নরসিংদী সদর', '2025-05-05 15:15:07', '2025-05-05 15:15:07'),
	(378, 12, 'Palash', 'পলাশ', '2025-05-05 15:15:34', '2025-05-05 15:15:34'),
	(379, 12, 'Raipura', 'রায়পুরা', '2025-05-05 15:15:50', '2025-05-05 15:15:50'),
	(380, 12, 'Shibpur', 'শিবপুর', '2025-05-05 15:16:06', '2025-05-05 15:16:06'),
	(381, 2, 'Kaliganj-Gazipur', 'কালীগঞ্জ-গাজীপুর', '2025-05-05 15:16:55', '2025-05-05 15:16:55'),
	(382, 2, 'Kaliakoir', 'কালিয়াকৈর', '2025-05-05 15:17:11', '2025-05-05 15:17:11'),
	(383, 2, 'Kapasia', 'কাপাসিয়া', '2025-05-05 15:17:27', '2025-05-05 15:17:27'),
	(384, 2, 'Gazipur Sadar', 'গাজীপুর সদর', '2025-05-05 15:18:05', '2025-05-05 15:18:05'),
	(385, 2, 'Sreepur', 'শ্রীপুর', '2025-05-05 15:18:23', '2025-05-05 15:18:23'),
	(386, 13, 'Shariatpur Sadar', 'শরিয়তপুর সদর', '2025-05-05 15:19:08', '2025-05-05 15:19:08'),
	(387, 13, 'Naria', 'নড়িয়া', '2025-05-05 15:19:23', '2025-05-05 15:19:23'),
	(388, 13, 'Jajira', 'জাজিরা', '2025-05-05 15:19:40', '2025-05-05 15:19:40'),
	(389, 13, 'Gosairhat', 'গোসাইরহাট', '2025-05-05 15:20:00', '2025-05-05 15:20:00'),
	(390, 13, 'Bhedarganj', 'ভেদরগঞ্জ', '2025-05-05 15:20:14', '2025-05-05 15:20:14'),
	(391, 13, 'Damudya', 'ডামুড্যা', '2025-05-05 15:20:30', '2025-05-05 15:20:30'),
	(392, 3, 'Araihazar', 'আড়াইহাজার', '2025-05-05 15:20:51', '2025-05-05 15:20:51'),
	(393, 3, 'Bandar', 'বন্দর', '2025-05-05 15:21:11', '2025-05-05 15:21:11'),
	(394, 3, 'Narayanganj Sadar', 'নারায়নগঞ্জ সদর', '2025-05-05 15:21:43', '2025-05-05 15:21:43'),
	(395, 3, 'Rupganj', 'রূপগঞ্জ', '2025-05-05 15:22:13', '2025-05-05 15:22:13'),
	(396, 3, 'Sonargaon', 'সোনারগাঁ', '2025-05-05 15:22:27', '2025-05-05 15:22:27'),
	(397, 14, 'Basail', 'বাসাইল', '2025-05-05 15:22:53', '2025-05-05 15:22:53'),
	(398, 14, 'Bhuapur', 'ভুয়াপুর', '2025-05-05 15:23:08', '2025-05-05 15:23:08'),
	(399, 14, 'Delduar', 'দেলদুয়ার', '2025-05-05 15:23:23', '2025-05-05 15:23:23'),
	(400, 14, 'Ghatail', 'ঘাটাইল', '2025-05-05 15:23:40', '2025-05-05 15:23:40'),
	(401, 14, 'Gopalpur', 'গোপালপুর', '2025-05-05 15:23:55', '2025-05-05 15:23:55'),
	(402, 14, 'Madhupur', 'মধুপুর', '2025-05-05 15:24:14', '2025-05-05 15:24:14'),
	(403, 14, 'Mirzapur', 'মির্জাপুর', '2025-05-05 15:24:29', '2025-05-05 15:24:29'),
	(404, 14, 'Nagarpur', 'নাগরপুর', '2025-05-05 15:24:48', '2025-05-05 15:24:48'),
	(405, 14, 'Sakhipur', 'সখিপুর', '2025-05-05 15:25:04', '2025-05-05 15:25:04'),
	(406, 14, 'Tangail Sadar', 'টাঙ্গাইল সদর', '2025-05-05 15:25:31', '2025-05-05 15:25:31'),
	(407, 14, 'Kalihati', 'কালিহাতী', '2025-05-05 15:25:48', '2025-05-05 15:25:48'),
	(408, 14, 'Dhanbari', 'ধনবাড়ী', '2025-05-05 15:26:04', '2025-05-05 15:26:04'),
	(409, 15, 'Itna', 'ইটনা', '2025-05-05 15:28:35', '2025-05-05 15:28:35'),
	(410, 15, 'Katiadi', 'কটিয়াদী', '2025-05-05 15:28:53', '2025-05-05 15:28:53'),
	(411, 15, 'Bhairab', 'ভৈরব', '2025-05-05 15:29:12', '2025-05-05 15:29:12'),
	(412, 15, 'Tarail', 'তাড়াইল', '2025-05-05 15:29:27', '2025-05-05 15:29:27'),
	(413, 15, 'Hossainpur', 'হোসেনপুর', '2025-05-05 15:29:42', '2025-05-05 15:29:42'),
	(414, 15, 'Pakundia', 'পাকুন্দিয়া', '2025-05-05 15:29:56', '2025-05-05 15:29:56'),
	(415, 15, 'Kuliarchar', 'কুলিয়ারচর', '2025-05-05 15:30:11', '2025-05-05 15:30:11'),
	(416, 15, 'Kishoreganj Sadar', 'কিশোরগঞ্জ  সদর', '2025-05-05 15:30:38', '2025-05-05 15:30:38'),
	(417, 15, 'Karimganj', 'করিমগঞ্জ', '2025-05-05 15:30:56', '2025-05-05 15:30:56'),
	(418, 15, 'Bajitpur', 'বাজিতপুর', '2025-05-05 15:31:12', '2025-05-05 15:31:12'),
	(419, 15, 'Ashtagram', 'অষ্টগ্রাম', '2025-05-05 15:31:28', '2025-05-05 15:31:28'),
	(420, 15, 'মিঠামইন', 'Mithamoin', '2025-05-05 15:31:44', '2025-05-05 15:31:44'),
	(421, 15, 'Nikli', 'নিকলী', '2025-05-05 15:31:59', '2025-05-05 15:31:59'),
	(422, 16, 'Harirampur', 'হরিরামপুর', '2025-05-05 15:32:22', '2025-05-05 15:32:22'),
	(423, 16, 'Saturia', 'সাটুরিয়া', '2025-05-05 15:32:36', '2025-05-05 15:32:36'),
	(424, 16, 'Ghior', 'ঘিওর', '2025-05-05 15:32:55', '2025-05-05 15:32:55'),
	(425, 16, 'Shivaloy', 'শিবালয়', '2025-05-05 15:33:15', '2025-05-05 15:33:15'),
	(426, 16, 'Daulatpur-Manikganj', 'দৌলতপুর-মানিকগঞ্জ', '2025-05-05 15:33:46', '2025-05-05 15:33:46'),
	(427, 16, 'Singair', 'সিংগাইর', '2025-05-05 15:34:06', '2025-05-05 15:34:06'),
	(428, 16, 'Manikganj Sadar', 'মানিকগঞ্জ সদর', '2025-05-05 15:34:37', '2025-05-05 15:34:37'),
	(429, 17, 'Munshiganj Sadar', 'মুন্সিগঞ্জ সদর', '2025-05-05 15:43:35', '2025-05-05 15:43:35'),
	(430, 17, 'Srinagar', 'শ্রীনগর', '2025-05-05 15:44:18', '2025-05-05 15:44:18'),
	(431, 17, 'Sirajdikhan', 'সিরাজদিখান', '2025-05-05 15:44:37', '2025-05-05 15:44:37'),
	(432, 17, 'Louhajang', 'লৌহজং', '2025-05-05 15:44:57', '2025-05-05 15:44:57'),
	(433, 17, 'Gazaria', 'গজারিয়া', '2025-05-05 15:45:17', '2025-05-05 15:45:17'),
	(434, 17, 'Tongibari', 'টংগীবাড়ি', '2025-05-05 15:46:17', '2025-05-05 15:46:17'),
	(435, 18, 'Rajbari Sadar', 'রাজবাড়ী সদর', '2025-05-05 16:01:26', '2025-05-05 16:01:26'),
	(436, 18, 'Goalanda', 'গোয়ালন্দ', '2025-05-05 16:01:46', '2025-05-05 16:01:46'),
	(437, 18, 'Pangsha', 'পাংশা', '2025-05-05 16:02:01', '2025-05-05 16:02:01'),
	(438, 18, 'Baliakandi', 'বালিয়াকান্দি', '2025-05-05 16:02:21', '2025-05-05 16:02:21'),
	(439, 18, 'Kalukhali', 'কালুখালী', '2025-05-05 16:02:40', '2025-05-05 16:02:40'),
	(440, 19, 'Madaripur Sadar', 'মাদারীপুর সদর', '2025-05-05 16:03:00', '2025-05-05 16:03:00'),
	(441, 19, 'Shibchar', 'শিবচর', '2025-05-05 16:03:18', '2025-05-05 16:03:18'),
	(442, 19, 'Kalkini', 'কালকিনি', '2025-05-05 16:03:34', '2025-05-05 16:03:34'),
	(443, 19, 'Rajoir', 'রাজৈর', '2025-05-05 16:03:54', '2025-05-05 16:03:54'),
	(444, 19, 'Dasar', 'ডাসার', '2025-05-05 16:04:11', '2025-05-05 16:04:11'),
	(445, 21, 'Faridpur Sadar', 'ফরিদপুর সদর', '2025-05-05 16:04:35', '2025-05-05 16:04:35'),
	(446, 21, 'Alfadanga', 'আলফাডাঙ্গা', '2025-05-05 16:04:50', '2025-05-05 16:04:50'),
	(447, 21, 'Boalmari', 'বোয়ালমারী', '2025-05-05 16:05:07', '2025-05-05 16:05:07'),
	(448, 21, 'Sadarpur', 'সদরপুর', '2025-05-05 16:05:25', '2025-05-05 16:05:25'),
	(449, 21, 'Nagarkanda', 'নগরকান্দা', '2025-05-05 16:05:41', '2025-05-05 16:05:41'),
	(450, 21, 'Bhanga', 'ভাঙ্গা', '2025-05-05 16:05:55', '2025-05-05 16:05:55'),
	(451, 21, 'Charbhadrasan', 'চরভদ্রাসন', '2025-05-05 16:06:08', '2025-05-05 16:06:08'),
	(452, 21, 'Madhukhali', 'মধুখালী', '2025-05-05 16:06:24', '2025-05-05 16:06:24'),
	(453, 21, 'Saltha', 'সালথা', '2025-05-05 16:06:38', '2025-05-05 16:06:38'),
	(454, 35, 'Debiganj', 'দেবীগঞ্জ', '2025-05-05 17:23:39', '2025-05-05 17:23:39'),
	(455, 35, 'Boda', 'বোদা', '2025-05-05 17:24:02', '2025-05-05 17:24:02'),
	(456, 35, 'Atwari', 'আটোয়ারী', '2025-05-05 17:24:21', '2025-05-05 17:24:21'),
	(457, 35, 'Tetulia', 'তেতুলিয়া', '2025-05-05 17:24:39', '2025-05-05 17:24:39'),
	(458, 35, 'Panchagah Sadar', 'পঞ্চগড় সদর', '2025-05-05 17:25:13', '2025-05-05 17:25:13'),
	(459, 36, 'Nawabganj-Dinajpur', 'নবাবগঞ্জ-দিনাজপুর', '2025-05-05 17:25:55', '2025-05-05 17:25:55'),
	(460, 36, 'Birganj', 'বীরগঞ্জ', '2025-05-05 17:26:16', '2025-05-05 17:26:16'),
	(461, 36, 'Ghoraghat', 'ঘোড়াঘাট', '2025-05-05 17:26:36', '2025-05-05 17:26:36'),
	(462, 36, 'Birampur', 'বিরামপুর', '2025-05-05 17:26:52', '2025-05-05 17:26:52'),
	(463, 36, 'Parbatipur', 'পার্বতীপুর', '2025-05-05 17:27:08', '2025-05-05 17:27:08'),
	(464, 36, 'Bochaganj', 'বোচাগঞ্জ', '2025-05-05 17:27:26', '2025-05-05 17:27:26'),
	(465, 36, 'Kaharol', 'কাহারোল', '2025-05-05 17:27:42', '2025-05-05 17:27:42'),
	(466, 36, 'Phulbari', 'ফুলবাড়ী', '2025-05-05 17:27:58', '2025-05-05 17:27:58'),
	(467, 36, 'Dinajpur Sadar', 'দিনাজপুর সদর', '2025-05-05 17:28:30', '2025-05-05 17:28:30'),
	(468, 36, 'Hakimpur', 'হাকিমপুর', '2025-05-05 17:28:50', '2025-05-05 17:28:50'),
	(469, 36, 'Khansama', 'খানসামা', '2025-05-05 17:29:07', '2025-05-05 17:29:07'),
	(470, 36, 'Birol', 'বিরল', '2025-05-05 17:29:23', '2025-05-05 17:29:23'),
	(471, 36, 'Chirirbandar', 'চিরিরবন্দর', '2025-05-05 17:29:40', '2025-05-05 17:29:40'),
	(472, 37, 'Lalmonirhat Sadar', 'লালমনিরহাট সদর', '2025-05-05 17:30:05', '2025-05-05 17:30:05'),
	(473, 62, 'Kaliganj-Lalmonirhat', 'কালীগঞ্জ-লালমনিরহাট', '2025-05-05 17:30:49', '2025-05-05 17:30:49'),
	(474, 37, 'Hatibandha', 'হাতীবান্ধা', '2025-05-05 17:31:07', '2025-05-05 17:31:07'),
	(475, 37, 'Patgram', 'পাটগ্রাম', '2025-05-05 17:31:24', '2025-05-05 17:31:24'),
	(476, 37, 'Aditmari', 'আদিতমারী', '2025-05-05 17:31:45', '2025-05-05 17:31:45'),
	(477, 38, 'Saidpur', 'সৈয়দপুর', '2025-05-05 17:32:11', '2025-05-05 17:32:11'),
	(478, 38, 'Domar', 'ডোমার', '2025-05-05 17:32:28', '2025-05-05 17:32:28'),
	(479, 38, 'Dimla', 'ডিমলা', '2025-05-05 17:32:48', '2025-05-05 17:32:48'),
	(480, 38, 'Jaldhaka', 'জলঢাকা', '2025-05-05 17:33:09', '2025-05-05 17:33:09'),
	(481, 38, 'Kishoreganj', 'কিশোরগঞ্জ', '2025-05-05 17:33:26', '2025-05-05 17:33:26'),
	(482, 38, 'Nilphamari  Sadar', 'নীলফামারী সদর', '2025-05-05 17:33:48', '2025-05-05 17:33:48'),
	(483, 39, 'Sadullapur', 'সাদুল্লাপুর', '2025-05-05 17:35:46', '2025-05-05 17:35:46'),
	(484, 39, 'Gaibandha Sadar', 'গাইবান্ধা সদর', '2025-05-05 17:36:08', '2025-05-05 17:36:08'),
	(485, 39, 'Palashbari', 'পলাশবাড়ী', '2025-05-05 17:36:23', '2025-05-05 17:36:23'),
	(486, 39, 'Saghata', 'সাঘাটা', '2025-05-05 17:36:40', '2025-05-05 17:36:40'),
	(487, 39, 'Gobindaganj', 'গোবিন্দগঞ্জ', '2025-05-05 17:36:57', '2025-05-05 17:36:57'),
	(488, 39, 'Sundarganj', 'সুন্দরগঞ্জ', '2025-05-05 17:37:17', '2025-05-05 17:37:17'),
	(489, 39, 'Fulchhari', 'ফুলছড়ি', '2025-05-05 17:37:35', '2025-05-05 17:37:35'),
	(490, 40, 'Thakurgaon Sadar', 'ঠাকুরগাঁও সদর', '2025-05-05 17:37:59', '2025-05-05 17:37:59'),
	(491, 40, 'Pirganj', 'পীরগঞ্জ', '2025-05-05 17:38:24', '2025-05-05 17:38:24'),
	(492, 40, 'Ranishankail', 'রাণীশংকৈল', '2025-05-05 17:38:44', '2025-05-05 17:38:44'),
	(493, 40, 'Haripur', 'হরিপুর', '2025-05-05 17:39:03', '2025-05-05 17:39:03'),
	(494, 40, 'Baliadangi', 'বালিয়াডাঙ্গী', '2025-05-05 17:39:19', '2025-05-05 17:39:19'),
	(495, 10, 'Rangpur Sadar', 'রংপুর সদর', '2025-05-05 17:39:42', '2025-05-05 17:39:42'),
	(496, 10, 'Gangachara', 'গংগাচড়া', '2025-05-05 17:39:58', '2025-05-05 17:39:58'),
	(497, 10, 'Taraganj', 'তারাগঞ্জ', '2025-05-05 17:40:14', '2025-05-05 17:40:14'),
	(498, 10, 'Badarganj', 'বদরগঞ্জ', '2025-05-05 17:40:29', '2025-05-05 17:40:29'),
	(499, 10, 'Mithapukur', 'মিঠাপুকুর', '2025-05-05 17:40:46', '2025-05-05 17:40:46'),
	(500, 10, 'Kaunia', 'কাউনিয়া', '2025-05-05 17:41:31', '2025-05-05 17:41:31'),
	(501, 10, 'Pirgachha', 'পীরগাছা', '2025-05-05 17:41:52', '2025-05-05 17:41:52'),
	(502, 10, 'Pirganj-Rangpur', 'পীরগঞ্জ-রংপুর', '2025-05-05 17:43:57', '2025-05-05 17:43:57'),
	(503, 41, 'Kurigram Sadar', 'কুড়িগ্রাম সদর', '2025-05-05 17:44:59', '2025-05-05 17:44:59'),
	(504, 41, 'Nageshwari', 'নাগেশ্বরী', '2025-05-05 17:45:21', '2025-05-05 17:45:21'),
	(505, 41, 'Bhurungamari', 'ভুরুঙ্গামারী', '2025-05-05 17:45:43', '2025-05-05 17:45:43'),
	(506, 41, 'Fulbari', 'ফুলবাড়ী', '2025-05-05 17:46:07', '2025-05-05 17:46:07'),
	(507, 41, 'Rajarhat', 'রাজারহাট', '2025-05-05 17:46:29', '2025-05-05 17:46:29'),
	(508, 41, 'Ulipur', 'উলিপুর', '2025-05-05 17:46:50', '2025-05-05 17:46:50'),
	(509, 41, 'Chilmari', 'চিলমারী', '2025-05-05 17:47:09', '2025-05-05 17:47:09'),
	(510, 41, 'Roumari', 'রৌমারী', '2025-05-05 17:47:26', '2025-05-05 17:47:26'),
	(511, 41, 'Char Rajibpur', 'চর রাজিবপুর', '2025-05-05 17:47:52', '2025-05-05 17:47:52'),
	(512, 5, 'Eidgaon', 'ঈদগাঁও', '2025-05-07 11:13:04', '2025-05-07 11:13:04'),
	(513, 5, 'Coxs Bazar Sadar', 'কক্সবাজার সদর', '2025-05-07 11:14:29', '2025-05-07 11:14:29'),
	(514, 7, 'Khulna Sadar', 'খুলনা সদর', '2025-05-07 21:58:24', '2025-05-07 21:58:24'),
	(515, 1, 'Shyamoli', 'Shyamoli', '2025-06-16 14:34:07', '2025-06-16 14:34:07'),
	(516, 1, 'Mogbazar-Malibag', 'Mogbazar-Malibag', '2025-06-16 14:35:17', '2025-06-16 14:35:17'),
	(517, 1, 'Motijheel-Kamlapur', 'Motijheel-Kamlapur', '2025-06-16 14:41:07', '2025-06-16 14:41:07'),
	(518, 1, 'Sadarghat', 'Sadarghat', '2025-06-16 15:02:43', '2025-06-16 15:02:43'),
	(519, 1, 'Azimpur', 'Azimpur', '2025-06-24 20:19:51', '2025-06-24 20:19:51'),
	(520, 1, 'Dhaka City', 'Dhaka City', '2025-06-26 13:13:33', '2025-06-26 13:13:33');

-- Dumping structure for table one2one4.users
DROP TABLE IF EXISTS `users`;
CREATE TABLE IF NOT EXISTS `users` (
  `id` bigint unsigned NOT NULL AUTO_INCREMENT,
  `created_by` int DEFAULT NULL,
  `name` varchar(255) COLLATE utf8mb4_unicode_ci NOT NULL,
  `email` varchar(255) COLLATE utf8mb4_unicode_ci DEFAULT NULL,
  `is_donor` tinyint(1) NOT NULL DEFAULT '1',
  `registration_step` int NOT NULL DEFAULT '1',
  `profile_completed` tinyint(1) NOT NULL DEFAULT '0',
  `email_verified_at` timestamp NULL DEFAULT NULL,
  `password` varchar(255) COLLATE utf8mb4_unicode_ci NOT NULL,
  `remember_token` varchar(100) COLLATE utf8mb4_unicode_ci DEFAULT NULL,
  `created_at` timestamp NULL DEFAULT NULL,
  `updated_at` timestamp NULL DEFAULT NULL,
  `phone` varchar(255) COLLATE utf8mb4_unicode_ci NOT NULL,
  `dob` date DEFAULT NULL,
  `profile_picture` varchar(255) COLLATE utf8mb4_unicode_ci DEFAULT NULL,
  `gender` enum('male','female','other') COLLATE utf8mb4_unicode_ci DEFAULT NULL,
  `national_id` varchar(255) COLLATE utf8mb4_unicode_ci DEFAULT NULL,
  `marital_status` enum('single','married','divorced','widowed') COLLATE utf8mb4_unicode_ci DEFAULT NULL,
  `occupation` varchar(255) COLLATE utf8mb4_unicode_ci DEFAULT NULL,
  `religion` varchar(255) COLLATE utf8mb4_unicode_ci DEFAULT NULL,
  `blood_group` enum('A+','A-','B+','B-','O+','O-','AB+','AB-') COLLATE utf8mb4_unicode_ci NOT NULL,
  `total_blood_donation` int NOT NULL DEFAULT '0',
  `medical_conditions` text COLLATE utf8mb4_unicode_ci,
  `last_donation_date` timestamp NULL DEFAULT NULL,
  `emergency_contact` varchar(255) COLLATE utf8mb4_unicode_ci DEFAULT NULL,
  `ssc_exam_year` year DEFAULT NULL,
  `status` enum('active','inactive') COLLATE utf8mb4_unicode_ci NOT NULL DEFAULT 'active',
  `mode` enum('donor','recipient') COLLATE utf8mb4_unicode_ci NOT NULL DEFAULT 'donor',
  PRIMARY KEY (`id`),
  UNIQUE KEY `phone` (`phone`),
  UNIQUE KEY `users_email_unique` (`email`),
  UNIQUE KEY `email` (`email`),
  KEY `phone_2` (`phone`)
) ENGINE=InnoDB AUTO_INCREMENT=190 DEFAULT CHARSET=utf8mb4 COLLATE=utf8mb4_unicode_ci;

-- Dumping data for table one2one4.users: ~141 rows (approximately)
DELETE FROM `users`;
INSERT INTO `users` (`id`, `created_by`, `name`, `email`, `is_donor`, `registration_step`, `profile_completed`, `email_verified_at`, `password`, `remember_token`, `created_at`, `updated_at`, `phone`, `dob`, `profile_picture`, `gender`, `national_id`, `marital_status`, `occupation`, `religion`, `blood_group`, `total_blood_donation`, `medical_conditions`, `last_donation_date`, `emergency_contact`, `ssc_exam_year`, `status`, `mode`) VALUES
	(28, NULL, 'Naim', 'riaz.naimkhan@gmail.com', 1, 3, 1, NULL, '$2y$10$bg.ym.HamsjZQm9XfAKDZuIgDz1fuuACbQ6R6lj80Q0duSYPkEbB6', 'UGweF7y6oP10EjmRZyCZe2wuU8WMVwvz2jyNrsTqSIqEqblzHjnX3dmKrZ6R', '2025-05-04 17:42:23', '2025-06-28 01:33:51', '01611940926', '1996-07-15', NULL, 'male', 'N/A', 'single', 'Private', 'Islam', 'O+', 10, 'N/A', '2025-06-28 01:33:51', 'N/A', '2012', 'active', 'donor'),
	(29, NULL, 'Shariful Islam', 'sharifulislamst81@gmail.com', 1, 3, 0, NULL, '$2y$10$i2ves/biabeX4YOkAGhzWuWw7S.2YhQcsJVTvJ796F04tXyPIc8T6', NULL, '2025-05-05 18:39:18', '2025-05-05 18:41:09', '01765639446', '1997-11-20', NULL, 'male', '1503853309', 'married', 'Private', 'Islam', 'O+', 3, NULL, '2025-04-27 04:00:00', '01765639446', '2012', 'active', 'donor'),
	(30, NULL, 'Md Shah jalal', 'mdshahjalal01733@gmail.com', 1, 3, 1, NULL, '$2y$10$1piY/pMrdODF363GFFP8e.GFcope4I5SFDJXbCDvkX0dCwoF8jZ8W', NULL, '2025-05-05 19:39:46', '2025-05-05 19:46:26', '01733166510', '1995-01-01', 'images/profile_pictures/1746438386_681888f240174.jpg', 'male', '28585242345', 'single', 'Private', 'Islam', 'A+', 22, 'No', '2025-02-17 05:00:00', '01733166510', '2012', 'active', 'donor'),
	(31, NULL, 'Md Rasheduzzaman Rasel', 'raselpacific@gmail.com', 1, 1, 0, NULL, '$2y$10$MdwwHbTutCg/SMxwPG8PiuCHbktkWHykndfvR6M47K31rHJwj8cRq', NULL, '2025-05-05 19:41:31', '2025-06-28 03:02:17', '01773412930', NULL, NULL, 'male', NULL, NULL, NULL, NULL, 'B+', 1, NULL, '2025-06-28 03:02:17', NULL, NULL, 'active', 'donor'),
	(32, NULL, 'Johurul Islam', 'johurulislam72435@gmail.com', 1, 3, 1, NULL, '$2y$10$dJovN21ECotd2q.FFpaHye/vxreOQGf7zLUsV4MDS4oforXspy4F6', NULL, '2025-05-05 19:58:51', '2025-05-05 20:07:28', '01766078195', '1998-01-01', 'images/profile_pictures/1746439648_68188de0ca7de.jpg', 'male', '6901876505', 'married', 'Private', 'Islam', 'O+', 14, 'Na', '2025-02-12 05:00:00', '01734600350', '2012', 'active', 'donor'),
	(33, NULL, 'Md Sahed Hossain (Raj)', 'sahedhossain2712@gmail.com', 1, 3, 1, NULL, '$2y$10$yJu7FxzV1Av9PseXFNzg/.4Gt2mN9Nbg8/RjyzCpUj3CvPYSj0Boy', NULL, '2025-05-05 20:09:16', '2025-05-05 20:21:03', '01738593850', '1996-12-27', 'images/profile_pictures/1746440463_6818910f86501.png', 'male', NULL, 'single', 'Student', 'Islam', 'O+', 13, NULL, NULL, '01612112001', '2012', 'active', 'donor'),
	(34, NULL, 'Md Shakil Ahmed', 'mdshakilahmed11117@gmail.com', 1, 1, 0, NULL, '$2y$10$4IBgEzzqW8vy.3LhF1nv2OZ6zteTceoCWuz.2SnUcOtnV0INuKPte', NULL, '2025-05-05 20:40:15', '2025-06-24 12:49:38', '01620539363', NULL, NULL, 'male', NULL, NULL, NULL, NULL, 'B+', 0, NULL, NULL, NULL, NULL, 'active', 'donor'),
	(35, NULL, 'Md. Salman Faruk', 'salmanfaruk.bncc@gmail.com', 1, 3, 1, NULL, '$2y$10$RgD6lU0BIk0r84uNgmZyA.ovIwmTDfG1yQmIwVgLhOBFL86q.Cr8G', NULL, '2025-05-05 20:53:08', '2025-06-27 02:34:29', '+8801818767449', '1996-07-25', 'images/profile_pictures/1746442536_68189928322fc.jpg', 'male', '6858953968', 'single', 'Private', 'Islam', 'A+', 8, NULL, '2025-06-12 04:00:00', '01819949926', '2012', 'active', 'donor'),
	(36, NULL, 'Md. Mahfuzur Rahman', 'mdmahfuzur18@gmail.com', 1, 3, 1, NULL, '$2y$10$tUebA747HebnBIPiPhJtGeRdq619ClMClwP3eHEwbl9ac.21N3S5O', NULL, '2025-05-05 20:58:43', '2025-05-05 21:04:54', '01866572454', '1997-03-16', NULL, 'male', '4202554103', 'single', 'Other', 'Islam', 'B+', 0, NULL, NULL, '01866572454', '2012', 'active', 'donor'),
	(37, NULL, 'Abdullah al Noman', 'munanoman.1996@gmail.com', 1, 1, 0, NULL, '$2y$10$t29sXSyOfiJ0ua8A1LH3QuXf0OtLZhIf4xpj0OBLkNs2D97kqEVyS', NULL, '2025-05-05 21:41:16', '2025-05-06 03:19:57', '01757361974', '1995-12-01', 'images/profile_pictures/1746465597_6818f33d9778a.jpg', 'male', '19967918795000085', 'married', 'সরকারি চাকরি', 'Islam', 'A+', 25, 'N', '2024-12-01 05:00:00', '01836744688', '2012', 'active', 'donor'),
	(38, NULL, 'Sakib Hossain', 'hassainsakib174410@gmail.com', 1, 3, 1, NULL, '$2y$10$LP8pU6naBdgY9MHE8./doOlpD0Q8IaKIi/QFiKkQYu9ez7VoTHdX2', NULL, '2025-05-05 22:14:53', '2025-05-05 22:22:31', '+8801632213697', '2000-09-09', 'images/profile_pictures/1746447682_6818ad4225653.jpeg', 'male', '153465544', 'married', 'Businessman', 'Islam', 'B+', 1, NULL, '2025-02-05 05:00:00', '+8801632213697', '2018', 'active', 'recipient'),
	(39, NULL, 'Shimul Ahmmed', 'mosiur251995@gmail.com', 1, 3, 1, NULL, '$2y$10$8QqinNt7xx5N9gnpT1rR.Orznzv0FTJbb5WTTzW8R1OSjV/X/RQlq', NULL, '2025-05-05 22:17:00', '2025-05-05 22:29:05', '01991099169', '1995-12-25', 'images/profile_pictures/1746448145_6818af11a13e8.jpg', 'male', '2801981669', 'single', 'Other', 'Islam', 'A+', 11, 'Clear', NULL, '01763184253', '2012', 'active', 'donor'),
	(40, NULL, 'Md Anisur Rahman', 'anisur.active24@gmail.com', 1, 1, 0, NULL, '$2y$10$24KT5Pc4Hkhke5JeTkheB..KNK66QoIc41xqOcTpumjxUZAxNhsyS', NULL, '2025-05-06 01:05:29', '2025-05-06 03:22:37', '01905943773', '1996-06-12', 'images/profile_pictures/1746465757_6818f3dd55d19.jpg', 'male', NULL, 'married', 'Bangladesh Army', 'Islam', 'O+', 2, NULL, '2023-02-18 05:00:00', NULL, '2012', 'active', 'donor'),
	(41, NULL, 'Mehadi Hassan', 'mehadihassan644@gmail.com', 1, 3, 1, NULL, '$2y$10$.MZR80vV.VtAYpB2nfdPv.svs.wOO.qZtWgPkh76ylsoRPuhHyWa.', NULL, '2025-05-06 02:02:50', '2025-05-06 02:07:25', '01960423393', '1995-11-01', 'images/profile_pictures/1746461245_6818e23d8f02b.jpeg', 'male', NULL, 'married', 'Private', 'Islam', 'O+', 10, NULL, '2025-04-29 04:00:00', '01960423393', '2012', 'active', 'donor'),
	(43, NULL, 'Nazrul Islam', 'nazrulislamm32@gmail.com', 1, 3, 1, NULL, '$2y$10$icdrKI76EdqJTn2oN163a.z2LjsREvmwP.hI2GQrhKQESNQ.we/ZK', NULL, '2025-05-06 02:32:08', '2025-05-06 02:37:22', '01625898474', '1996-04-02', NULL, 'male', '9573876712', 'single', 'Private', 'Islam', 'A+', 9, NULL, '2025-01-03 05:00:00', '01625898474', '2012', 'active', 'donor'),
	(44, NULL, 'MD MEHEDI HASAN', 'swim101355@gmail.com', 1, 3, 1, NULL, '$2y$10$KLcZ3jSh6OpC7xz1ccCLzOBQhATkukG7Ty8k2/MnBrBos2/5NCLWC', 'O3OX556UoPu1uEgfEfZ0Yu5KdwIxoANFWJGzCJQjW4HhVVoQuR3utYzAsK0g', '2025-05-06 02:41:08', '2025-05-06 10:13:57', '01742291181', '1997-10-29', 'images/profile_pictures/1746466392_6818f658d484e.jpg', 'male', '19975716028000249', 'married', 'Government', 'Islam', 'O+', 5, NULL, '2024-09-25 04:00:00', '01843384934', '2012', 'active', 'recipient'),
	(45, NULL, 'Ashikul Islam', 'ashikmgtjnu@gmail.com', 1, 3, 1, NULL, '$2y$10$ot8TEuiq3ijhc5ru/fALROUQk3IAMvGVcIRMQCtbdUM41aW.xVr3i', NULL, '2025-05-06 02:58:42', '2025-05-06 03:02:40', '01753594834', '1996-03-05', 'images/profile_pictures/1746464560_6818ef301ed08.jpg', 'male', '6900632388', 'married', 'Businessman', 'Islam', 'B+', 18, 'No condition', '2025-04-27 04:00:00', '01753594834', '2012', 'active', 'donor'),
	(46, NULL, 'Md Bulbul Hossain', 'bulbulp789@gmail.com', 1, 3, 1, NULL, '$2y$10$4nr7EvXgVX/Rk2LEJPz9NuLH2SmepITwYgaJdY60AMyDv41DGDiBa', NULL, '2025-05-06 03:26:26', '2025-05-06 03:33:11', '01880835200', '1996-02-22', 'images/profile_pictures/1746466391_6818f65723d62.jpg', 'male', '6452817346', 'married', 'Private', 'Islam', 'O+', 9, 'HTN,PKD', '2023-01-01 05:00:00', '01880835200', '2012', 'active', 'donor'),
	(47, NULL, 'MD. Tuhin Hossain', 'tuhinhossain616@gmail.com', 1, 1, 0, NULL, '$2y$10$M.QjHvjW/EHZUtnFivz9TOOq.qyfbqz/EFUT6Rwc6HYN0JIdp2AKu', NULL, '2025-05-06 03:53:26', '2025-05-06 20:44:05', '01935610552', '1995-09-24', 'images/profile_pictures/1746528245_6819e7f5745bc.jpg', 'male', '957-6813894', 'married', 'Bangladesh Police', 'Islam', 'O+', 5, NULL, '2025-05-01 04:00:00', '01935610552', '2012', 'active', 'donor'),
	(48, NULL, 'Tajmir', 'hasantajmir@gmail.com', 1, 3, 1, NULL, '$2y$10$2ySINVOrw4qDEC9NVKx89eEDMhQ/3R7NKxzDg7WEaguR2m2aKxI5e', NULL, '2025-05-06 04:07:48', '2025-05-06 04:32:17', '01719590309', '1995-11-18', NULL, 'male', NULL, 'married', 'Businessman', 'Islam', 'O+', 14, NULL, '2025-02-20 05:00:00', '01719590309', '2012', 'active', 'donor'),
	(49, NULL, 'Sakibul Basar', 'sakibulbasarbd@gmail.com', 1, 3, 1, NULL, '$2y$10$qik75sETwkNOmCB/MH1XfuOl5WSTLBR7Jm8p2R4L4yV7EbRkwwoyW', NULL, '2025-05-06 04:21:51', '2025-05-06 04:27:11', '01766440688', '1996-01-12', 'images/profile_pictures/1746469631_681902ff3c66e.jpg', 'male', NULL, 'single', 'Businessman', 'Islam', 'B+', 2, NULL, NULL, '01917017756', '2012', 'active', 'donor'),
	(50, NULL, 'Md Nahid Hasan', 'nahid.bd.org@gmail.com', 1, 3, 0, NULL, '$2y$10$JzTQw8dFQtg1p/d3cZwXqe/pPMaCERTMhhhRiinhkc/2.4J63vFDm', NULL, '2025-05-06 05:00:43', '2025-05-06 05:03:11', '01612002500', '1996-02-15', NULL, 'male', NULL, 'married', 'Businessman', 'Islam', 'B+', 12, NULL, '2025-03-14 04:00:00', '01612002500', '2012', 'active', 'donor'),
	(51, NULL, 'Kawsar Hossen', 'nkkawsarhossen420@gmail.com', 1, 1, 0, NULL, '$2y$10$prHMoC2nwWxTR26sw7s/Rexk1Bo/XPMEWFD1sX/.4PW9xjy3oBgQu', 'R7paI6uX1Z96X9VkvqYpEoTw4wVrAvtLGFGO4acpzN3MDzhRmAYbhin1NClB', '2025-05-06 05:42:23', '2025-06-24 14:11:07', '+441777333914', NULL, NULL, 'male', NULL, NULL, NULL, NULL, 'A+', 0, NULL, NULL, NULL, NULL, 'active', 'donor'),
	(52, NULL, 'MD MOSTAFIZUR RAHAMAN', 'joyhasan485@gmail.com', 1, 3, 1, NULL, '$2y$10$tW.IDiQgEt665oOVipG7s.C2mT1gZuxteeLpBWkm.c9rADs3F3106', NULL, '2025-05-06 06:03:28', '2025-05-06 06:42:06', '01843703185', '1995-10-05', 'images/profile_pictures/1746477726_6819229ec5777.jpg', 'male', '2837488135', 'married', 'Private', 'Islam', 'B+', 30, NULL, '2025-03-01 05:00:00', '01903362147', '2012', 'active', 'donor'),
	(53, NULL, 'Mohammad Rasel', 'mdraselmiaji341933@gmail.com', 1, 3, 1, NULL, '$2y$10$BsAsZm7KNQkkjU/f0Kk6OOTs7ANw8/ZuSg1ZdOv89QNAVxh7gKYC2', NULL, '2025-05-06 10:29:33', '2025-05-06 10:34:53', '01825341933', '1996-01-05', NULL, 'male', '32811467', 'married', 'Private', 'Islam', 'B+', 1, NULL, '2025-05-06 04:00:00', '01825341933', '2012', 'active', 'donor'),
	(54, NULL, 'Ariful Islam Arif', 'arif01759257368@gmail.com', 1, 3, 1, NULL, '$2y$10$gNl1B7b7qrYTR2aOOMpAlueSpJsuaI5A5kSgBysp/NrjqR0pGF.uO', NULL, '2025-05-06 12:49:53', '2025-05-06 12:57:12', '1759257368', '1996-07-15', NULL, 'male', '2829544606', 'married', 'Government', 'Islam', 'O+', 4, 'No', '2025-01-21 05:00:00', '01759257368', '2012', 'active', 'donor'),
	(55, NULL, 'SYEED', 'binsyeed1997@gmail.com', 1, 1, 0, NULL, '$2y$10$/FfS1J57bTNjIKEd.VqSk.0QLp32cagqPeEYZQt9z0mTp34tgB.qy', NULL, '2025-05-06 13:16:04', '2025-06-24 14:31:13', '01724668239', NULL, NULL, 'male', NULL, NULL, NULL, NULL, 'B+', 0, NULL, NULL, NULL, NULL, 'active', 'donor'),
	(56, NULL, 'Moshiur Rahman', 'polasbhuiyan778@gmail.com', 1, 1, 0, NULL, '$2y$10$8Wy2MV8G7KTVU0PVhrs7YOdQ.G6ZZIrpk3M7OwQ5dCFE9fVcSsJ9.', 'VJHqOh5zTsQb2aHGdndfs7HAKlfNxLp9HBTrZ4CNHSecde6xtEPzqucrMGXZ', '2025-05-06 14:49:56', '2025-06-24 15:35:34', '01836272215', NULL, NULL, 'male', NULL, NULL, NULL, NULL, 'A-', 28, NULL, '2025-05-05 04:00:00', NULL, NULL, 'active', 'donor'),
	(57, NULL, 'Dr parves', 'parvesahammed1996@gmai.com', 1, 3, 1, NULL, '$2y$10$44.WsHZwBG7w3JN.mubJUubQmVblgRHKW6jiW4mk07asp4CIqmsQy', NULL, '2025-05-06 16:13:23', '2025-05-06 16:38:47', '01756284245', '1996-08-12', 'images/profile_pictures/1746513527_6819ae775b311.jpg', 'male', '7779923486', 'single', 'Private', 'Islam', 'O+', 5, NULL, '2025-04-25 04:00:00', '01756284245', '2012', 'active', 'donor'),
	(58, NULL, 'Hansain', 'hasnainhasan26@gmail.com', 1, 3, 0, NULL, '$2y$10$SPGT.BAeJMTOv/8T.1aL0OTrBDWH3x0deYjz7WyMyuZIoxV3zinve', NULL, '2025-05-06 23:03:52', '2025-05-06 23:09:49', '+8801855049576', '1997-01-15', NULL, 'male', '2401895822', 'married', 'Businessman', 'Islam', 'O+', 11, 'Very good', '2024-11-30 05:00:00', '01709268466', '2012', 'active', 'donor'),
	(59, NULL, 'ISMAIL HOSSAIN', 'mdismailh9@gmail.com', 0, 1, 0, NULL, '$2y$10$bbiZrhOJ3irK7D81aWvlkOuokJyuOBCyGLnMf3wmImf5TLdn5lU.O', NULL, '2025-05-06 23:03:54', '2025-05-07 00:04:07', '01763975080', '1996-04-10', NULL, 'male', '19968612583000068', 'married', 'Government Employer', 'Islam (sunni)', 'AB+', 0, NULL, NULL, '01763975080', '2012', 'active', 'donor'),
	(60, NULL, 'নাছিম সারোয়ার', 'nasimsaruar65@gmail.com', 1, 3, 1, NULL, '$2y$10$aGqAEvrm5Vu/o6/PpnXFa.Mto5KdOqedASUEktP200Ytib3j5y6Li', NULL, '2025-05-06 23:14:19', '2025-05-06 23:26:17', '01932953361', '1997-10-18', 'images/profile_pictures/1746537977_681a0df9477ef.jpg', 'male', '7802137310', 'single', 'Student', 'Islam', 'AB+', 0, NULL, NULL, '01932953361', '2012', 'active', 'donor'),
	(61, NULL, 'Mehedi Hasan', 'mhprince1000@gmail.com', 1, 1, 0, NULL, '$2y$10$8bgBUajWCxYGJhcZWHsuxuRjEXhQgQxj4FsCQu675OZL5dMWNe2Sy', NULL, '2025-05-07 00:00:19', '2025-06-24 14:48:30', '01798160577', NULL, NULL, 'male', NULL, NULL, NULL, NULL, 'O+', 0, NULL, NULL, NULL, NULL, 'active', 'donor'),
	(62, NULL, 'Md. Solayman', 'solaymankhn@gmail.com', 1, 3, 1, NULL, '$2y$10$rc0L8ok6vutHi6x5.zaSPOgbyXpjfmPBJqhzsN4NuJmPAATCF8f2C', NULL, '2025-05-07 00:07:36', '2025-05-07 00:12:24', '01738378521', '1997-02-08', NULL, 'male', '2401668344', 'married', 'Private', 'Islam', 'O+', 100, 'I am Rade', '2025-03-14 04:00:00', '01738378521', '2012', 'active', 'donor'),
	(63, NULL, 'Nurun Nabi', 'nurunnabirakib0@gmail.com', 1, 3, 1, NULL, '$2y$10$36gK9TeHhx8rQkuZ27fmouFeZDCbUzZvGIy3Fetj4oqPUoutxo3bS', NULL, '2025-05-07 00:13:28', '2025-05-07 00:21:48', '+96879684241', '1996-09-27', 'images/profile_pictures/1746541308_681a1afce9818.jpg', 'male', '1508381744', 'married', 'Private', 'Islam', 'A+', 11, NULL, '2020-11-23 05:00:00', '+8801815589815', '2012', 'active', 'donor'),
	(65, NULL, 'Abu Sufian', 'sufianhabib74@gmail.com', 1, 3, 1, NULL, '$2y$10$7EludrWAgjy3HgcdulmxBeHQQ/3007srtJc4y8bKZHe3jjAD7/dV2', NULL, '2025-05-07 00:21:37', '2025-05-07 00:29:11', '01634521574', '1996-01-02', 'images/profile_pictures/1746541625_681a1c39b4470.jpg', 'male', '6421417756', 'married', 'Private', 'Islam', 'O+', 5, 'Good', '2024-11-20 05:00:00', '01330953389', '2012', 'active', 'recipient'),
	(66, NULL, 'Faruk Khan Nur', 'farukkhannur06@gmail.com', 1, 3, 1, NULL, '$2y$10$DzN5TRNhMWyuqco/kEvP8OnqUdKP3JD68GK7qTxRMCALr.k7HWu8u', NULL, '2025-05-07 00:29:08', '2025-05-07 00:33:28', '01608603819', '1996-12-17', 'images/profile_pictures/1746542008_681a1db8d61f6.jpg', 'male', '(Not)', 'single', 'Unemployed', 'Islam', 'A+', 0, '(Not)', NULL, '01557662956', '2012', 'active', 'donor'),
	(67, NULL, 'Tuhin Arafat', 'tuhinruman@gmail.com', 1, 3, 0, NULL, '$2y$10$2TAlhJjqa6RnnWlLTuduMu9N6Ks7ifPDcaaZAnAlzz4IRTyymKWv2', NULL, '2025-05-07 00:52:39', '2025-05-07 00:53:57', '01671591175', '1997-09-01', NULL, 'male', NULL, 'single', 'Student', 'Islam', 'B+', 29, NULL, '2025-05-04 04:00:00', '01671591175', '2012', 'active', 'donor'),
	(68, NULL, 'Md Nur Karim', 'KarimHossain1150@gmail.com', 1, 3, 1, NULL, '$2y$10$Ifyc8xhpLMCYiuIbKp5Qs.xpHerH6nw5vMd4HXQL9JTX36Vh4VGAq', NULL, '2025-05-07 05:15:12', '2025-05-07 05:22:06', '01617043292', '1995-01-01', 'images/profile_pictures/1746559326_681a615ea3854.jpg', 'male', '7355923454', 'married', 'Private', 'Islam', 'A+', 0, NULL, NULL, '01617043292', '2012', 'active', 'donor'),
	(69, NULL, 'Mohammad Jahangir Alam', 'jahangirvaijan145@gmail.com', 1, 3, 1, NULL, '$2y$10$dnR7om5Xwa3CtElWg36mBeoCtjTiEmivyrKGXOLgMiYcD4BEtjZ0m', NULL, '2025-05-07 07:13:19', '2025-05-07 07:17:51', '01610716281', '1996-12-17', NULL, 'male', '1491347777', 'single', 'Other', 'Islam', 'B+', 1, NULL, '2025-05-07 04:00:00', '01610716281', '2012', 'active', 'donor'),
	(70, NULL, 'MD SHOFIKUL ISLAM', 'shofikul4057@gmail.com', 1, 1, 0, NULL, '$2y$10$H3Pd/eN30OzhtUy41BOfUuLjMrDWUqdJisbsvvwq1UUhN8EQA8Voq', NULL, '2025-05-07 13:36:12', '2025-06-24 15:27:18', '+8801744878125', NULL, NULL, 'male', NULL, NULL, NULL, NULL, 'A+', 0, NULL, NULL, NULL, NULL, 'active', 'donor'),
	(71, NULL, 'MUHAMMAD SAIFUL', 'saiful.unique7@gmail.com', 1, 3, 1, NULL, '$2y$10$PUntVeJ1/9dfZ02aFHjDt./GqvNAv0HqMcOs364cjvVAtMAqXo.zC', NULL, '2025-05-07 16:27:36', '2025-05-07 16:31:03', '01571761767', '1996-08-12', 'images/profile_pictures/1746599463_681afe27a44f1.jpg', 'male', '6861290705', 'married', 'Businessman', 'Islam', 'O+', 24, NULL, '2024-11-09 05:00:00', '01571761767', '2012', 'active', 'donor'),
	(72, NULL, 'Rubel Ahamed', 'sidul304050@gmail.com', 1, 3, 1, NULL, '$2y$10$ENjHciqmc6NP06bBwUh.ee.29Sq3vV5uCpEJQ4CiA0.qU.0xF6RJS', NULL, '2025-05-07 19:12:30', '2025-05-07 19:21:18', '0538554948', '1994-07-15', 'images/profile_pictures/1746609678_681b260ec7d1a.jpg', 'male', 'Bangladeshi', 'single', 'Other', 'Islam', 'O+', 5, NULL, '2024-04-20 04:00:00', '01813088073', '2012', 'active', 'donor'),
	(73, NULL, 'Md Masud Rana', 'mdmasudrana1772@gmail.com', 1, 1, 0, NULL, '$2y$10$QAG15MqIOBHtmnrb0DfBwOH5xXXazaIcQksz/NyhJ03Gu7ucaByEq', NULL, '2025-05-07 20:13:16', '2025-06-24 15:30:33', '01684461772', NULL, NULL, 'male', NULL, NULL, NULL, NULL, 'A+', 0, NULL, NULL, NULL, NULL, 'active', 'donor'),
	(75, NULL, 'Minhaj Chowdhury', 'menhaj41@gmail.com', 1, 3, 1, NULL, '$2y$10$F0Vbhg64fslLvnP9leIcIOs4JsZZlzhuO51XZKuIl77p8J7Wrb9jS', NULL, '2025-05-07 22:26:10', '2025-05-07 22:29:45', '01571737776', '1995-12-01', 'images/profile_pictures/1746620985_681b52395c5b9.jpg', 'male', NULL, 'married', 'Private', 'Islam', 'A+', 32, 'আলহামদুলিল্লাহ। \r\nএখন পর্যন্ত সব ঠিকঠাক', '2024-12-01 05:00:00', '01571737776', '2012', 'active', 'donor'),
	(76, NULL, 'MD Ferdaus', 'ferdausislam321@gmail.com', 1, 3, 1, NULL, '$2y$10$W/HJlILZgMVGbdJSR9uFr..3FH6E1RNX6EDE5mHr9tz/VVN95szeq', NULL, '2025-05-08 01:37:17', '2025-05-08 01:42:07', '01714117714', '1996-02-15', 'images/profile_pictures/1746632527_681b7f4faaaad.jpg', 'male', NULL, 'single', 'Government', 'Islam', 'A+', 6, NULL, '2025-05-01 04:00:00', '01714117714', '2012', 'active', 'donor'),
	(77, NULL, 'MD. RUBEL AHMED', 'rubelahmed268@gmail.com', 1, 3, 1, NULL, '$2y$10$grWFS44Uj/zJ1.anJ2dTZO0LM9F7jCoVZxcQeJiuLMMcfOm38bw2O', NULL, '2025-05-08 01:57:18', '2025-05-08 02:00:38', '01628008948', '1996-07-01', NULL, 'male', '4179464112', 'married', 'Private', 'Islam', 'A+', 5, NULL, '2024-09-13 04:00:00', '01760374007', '2012', 'active', 'donor'),
	(78, NULL, 'Shahidul Islam', 'shahidulislam110497@gmail.com', 1, 1, 0, NULL, '$2y$10$MOukU8q6jFZt0kG/6o4bjOiZJzv8X4ZsmlAKkjI7v6gqP8OwrVyF6', NULL, '2025-05-08 02:00:58', '2025-06-24 17:07:49', '01733372410', NULL, NULL, 'male', NULL, NULL, NULL, NULL, 'A+', 0, NULL, NULL, NULL, NULL, 'active', 'donor'),
	(79, NULL, 'sujon mahmud', 'sujonmahmud2025123@gmail.com', 1, 3, 0, NULL, '$2y$10$sAUW3g8E3VVqcxUJ1a8pUefMTyk1IRS9Qq/HnElN1JmA678Z/fMsW', NULL, '2025-05-08 02:27:05', '2025-05-08 02:28:46', '01998859865', '1996-02-02', NULL, 'male', NULL, 'married', 'Private', 'Islam', 'A+', 0, NULL, NULL, '01998859865', '2012', 'active', 'donor'),
	(80, NULL, 'Abdullah Al Masaf', 'abdullahmasaf01789224353@email.com', 1, 3, 1, NULL, '$2y$10$W4IopUZm4A.moh.pItvQIOT4WpiMnERbrwEbKYMSF32BGYjqbipLS', NULL, '2025-05-08 03:03:39', '2025-06-22 01:49:34', '01789224353', '2007-09-24', 'images/profile_pictures/1746637575_681b930794ff4.jpg', 'male', '3781546597', 'single', 'Student', 'Islam', 'A+', 9, NULL, '2025-06-21 04:00:00', '01611303303', '2024', 'active', 'donor'),
	(81, NULL, 'Popular Badhon', 'popular01019@gmail.com', 1, 3, 1, NULL, '$2y$10$8kx4m/MR94uJLT/CeAShEudOzqyUk8N7Dhz2Ud00v.uVPRJqnklt.', NULL, '2025-05-08 03:06:45', '2025-05-08 03:11:50', '01744401019', '1996-06-03', 'images/profile_pictures/1746637910_681b945678f50.jpg', 'male', '7755225468', 'married', 'Private', 'Islam', 'B+', 19, 'Height-5\'7"\r\nWeight-65 KG', NULL, '01744401019', '2012', 'active', 'donor'),
	(82, NULL, 'md suzaulhaque', 'szhaque393@gmail.com', 1, 1, 0, NULL, '$2y$10$I0sa9a8MKKCu1qB8SFYA2u18RglNq7LkxgQGR4OvAKwh45pKPEkRK', NULL, '2025-05-08 05:24:07', '2025-06-24 17:25:47', '01866191821', NULL, NULL, 'male', NULL, NULL, NULL, NULL, 'O+', 0, NULL, NULL, NULL, NULL, 'active', 'donor'),
	(83, NULL, 'মোঃ কাউছার আহমেদ', 'kawsarahmed932@gmail.com', 1, 3, 1, NULL, '$2y$10$QxyQcbbPUXh6SsiqwWtOq.Pe0FIF51fN6gtafaSoXe8k7I1zQxilm', '7iuuIAbGV4COpxmBZvZrnMhsIAEW3pNmCkOMZ20zSxdf4EUtPCNqAZ8lIqIG', '2025-05-08 12:50:43', '2025-05-08 12:53:42', '01616432629', '1996-03-01', 'images/profile_pictures/1746672822_681c1cb6eeca8.jpg', 'male', NULL, 'single', 'Private', 'Islam', 'O+', 0, NULL, '2025-02-17 05:00:00', '01788887853', '2012', 'active', 'donor'),
	(84, NULL, 'md.rasel kabir', 'raselkabir678496@gmail.com', 1, 1, 0, NULL, '$2y$10$eZMzpqyYrGSfJZQtAixV1uMyqvaRIqIBIkCuWQ41DeHnmWFPMAt/a', NULL, '2025-05-08 15:20:38', '2025-06-24 17:19:41', '01775082380', NULL, NULL, 'male', NULL, NULL, NULL, NULL, 'O+', 0, NULL, NULL, NULL, NULL, 'active', 'donor'),
	(85, NULL, 'AL- AMIN', 'sksoikat408@gmail.com', 1, 3, 1, NULL, '$2y$10$CI88R9bh4FkcBc4J1LH2VOuEanvIphIaiyOFwuWUEB08oJI8xGmbO', NULL, '2025-05-08 20:32:21', '2025-05-08 20:41:31', '01303568063', '1996-05-20', 'images/profile_pictures/1746700891_681c8a5bf113e.jpg', 'male', '6899467630', 'married', 'Private', 'Islam', 'B+', 4, NULL, '2024-05-11 04:00:00', '01303568063', '2012', 'active', 'donor'),
	(86, NULL, 'MD. Jobayer Hosen', 'hosenjobayer755@gmail.com', 1, 3, 0, NULL, '$2y$10$0BOs5jfcz6J8nWrl/utfqu9RLRQgv1XV77TNtwVMoxxSUKu3R.Kum', NULL, '2025-05-08 22:57:04', '2025-05-08 23:00:31', '01714562553', '1996-05-08', NULL, 'male', NULL, 'married', 'Other', 'Islam', 'O+', 2, NULL, '2025-04-18 04:00:00', '01', '2011', 'active', 'donor'),
	(87, NULL, 'Mohammad Tawhidul Islam  Islam', 'mti.tawhid008@gmail.com', 1, 3, 1, NULL, '$2y$10$hWf8ztZunStAlCK1Ak.tgu/TMwPpLgi8fVG1XM1Mx.cOYtEAt3Vp.', 'yKnJV3kKPWJCa7kyC2sIRLkexXpiA4KLuXhHX2H4KbG9wS0Q5jJqXtXA1LvK', '2025-05-09 16:26:01', '2025-06-15 01:10:50', '01776260075', '1996-10-25', 'images/profile_pictures/1749913850_684d90fa27c74.jpg', 'male', '2822134132', 'single', 'IBBL Agent Banking', 'Islam', 'B-', 7, NULL, '2025-05-09 04:00:00', '01845224972', '2012', 'active', 'donor'),
	(88, NULL, 'Rasul Molla', 'rasul3379@gmail.com', 1, 3, 1, NULL, '$2y$10$CTtt6Rc4imy2DXQghBEmteQYyz.E4W27oPYSxF8RaKn5U4hE7aMRW', NULL, '2025-05-10 18:18:23', '2025-05-10 18:27:00', '01139507305', '1995-07-11', NULL, 'male', NULL, 'married', 'Other', 'Islam', 'A+', 0, NULL, NULL, '01313923985', '2012', 'active', 'donor'),
	(89, NULL, 'Faysal Mahmood', 'mahmoodfaysal128@gmail.com', 1, 1, 0, NULL, '$2y$10$BmO.ho8kp43iU2s4rjZO8.sBch6zqlFCX7s1UQI8HraIQfkshPuOi', NULL, '2025-05-10 18:41:23', '2025-05-10 18:49:05', '+88019 6166 0330', '1993-05-23', NULL, 'male', '8227803478', 'married', 'Job holder', 'Islam', 'O+', 32, NULL, '2025-03-09 05:00:00', '01961660330', '2012', 'active', 'donor'),
	(92, NULL, 'Sabbir Khan Sagor', 'eng.sabbirkhan@gmail.com', 1, 3, 1, NULL, '$2y$10$cYMtzvT8Qe4LN/hO5hZCruFLsL52SNuiZeBBxWj26nlekXeY3UgWa', NULL, '2025-05-19 01:13:51', '2025-05-19 01:18:15', '01711176776', '1997-11-03', 'images/profile_pictures/1747581495_6829fa37e8660.jpg', 'male', '7802056320', 'married', 'Private', 'Islam', 'B+', 19, 'N/A', '2025-04-09 04:00:00', '01711176776', '2012', 'active', 'donor'),
	(93, NULL, 'H.M.Hasan', 'mdhasanulislam012@gmail.com', 1, 3, 0, NULL, '$2y$10$.3FQecuX1YxQhKQW.E6DdeGM9mj9.DR2/KBuRECyrzujpSnzqCsf6', NULL, '2025-05-19 03:54:31', '2025-05-19 04:01:13', '01753912605', '2000-12-15', NULL, 'male', NULL, 'single', 'Student', 'Islam', 'O+', 10, NULL, '2025-02-15 05:00:00', '01753912605', '2017', 'active', 'donor'),
	(94, NULL, 'Sabrina Sultana Mitu', 'sondhatara487@gmail.com', 1, 1, 0, NULL, '$2y$10$9ebZU4CWuOzoUfu3wCrY1u9l14CKBaUCJOOXEvy.OxBJywqn.RtrK', NULL, '2025-05-20 00:24:02', '2025-06-24 14:19:26', '01316114381', NULL, NULL, 'female', NULL, NULL, NULL, NULL, 'B+', 0, NULL, NULL, NULL, NULL, 'active', 'donor'),
	(95, NULL, 'Tamanna Mustary', 'tamannatoma0162@gmail.com', 1, 1, 0, NULL, '$2y$10$ZI64TM.GFWdb1Z83HEzIZuP88nP1STGzogBCKh2rPkB6Ew38LV4JW', NULL, '2025-05-20 00:59:04', '2025-05-23 02:24:19', '01624181316', '2025-05-10', 'images/profile_pictures/1747930945_682f4f41b4f05.jpg', 'female', '236289192626', 'single', 'Student', 'Islam', 'A+', 16, 'Good', '2025-04-25 04:00:00', '01624181316', '2012', 'active', 'donor'),
	(96, NULL, 'Himaloy Himu', 'limo.bhuiyan.39@gmail.com', 1, 1, 0, NULL, '$2y$10$FpfzL97L15dVp1w2RDDzf.kOdijdZZKpnpk276pab4MdMzCXYLAk.', NULL, '2025-05-20 01:06:25', '2025-06-24 13:07:23', '01726292414', NULL, NULL, 'female', NULL, NULL, NULL, NULL, 'B+', 0, NULL, NULL, NULL, NULL, 'active', 'donor'),
	(98, NULL, 'Abdur Rahman', 'rahmanshakibabdur@gmail.com', 1, 1, 0, NULL, '$2y$10$b5zz1rSQUJppPwW9z7m0RePzqCFLGKUj1IacIYbjK4WtPl3E0Z8YW', NULL, '2025-05-20 18:20:09', '2025-06-24 17:15:38', '01689258962', NULL, NULL, 'male', NULL, NULL, NULL, NULL, 'AB+', 0, NULL, '2025-03-19 04:00:00', NULL, NULL, 'active', 'donor'),
	(101, NULL, 'Shohag Ahmed', 'suhagahmedec44@gmail.com', 1, 3, 1, NULL, '$2y$10$NWoNBroQ6rVOYgC0tz5wjuEUWDcuAQS0kPEtEMvoQv8hov8d5WF9a', NULL, '2025-05-26 02:39:26', '2025-05-26 02:43:30', '01687962744', '1996-03-05', NULL, 'male', NULL, 'married', 'Private', 'Islam', 'B+', 1, NULL, '2023-05-25 04:00:00', '01628170599', '2012', 'active', 'donor'),
	(104, NULL, 'Klanti meching', 'klantijouty67@gmail.com', 1, 3, 1, NULL, '$2y$10$.xkdTut0u.BSbcVPhichy.KEeTLnbFEREcfuw9qmfb1HkruK.kr5q', NULL, '2025-05-26 07:13:19', '2025-05-26 07:19:00', '01983375714', '1997-11-05', NULL, 'female', '3753953318', 'married', 'Private', 'Christianity', 'A+', 8, NULL, '2025-05-26 04:00:00', '01983375714', '2012', 'active', 'donor'),
	(106, NULL, 'Md Yeasir Arafat', 'md.yeasirbdde@gmail.com', 1, 3, 1, NULL, '$2y$10$phZ.y4TEr1glDwYKQdbZ5eRAEvPIVOMzROh7w61pEoWDIJqNWSmbq', NULL, '2025-05-28 01:59:19', '2025-05-28 02:02:20', '01645702716', '1996-03-14', 'images/profile_pictures/1748361740_6835e20c49c39.jpg', 'male', NULL, 'married', 'Businessman', 'Islam', 'AB+', 13, NULL, '2025-05-18 04:00:00', '01963253247', '2012', 'active', 'donor'),
	(107, NULL, 'MD Nasimul Islam', 'nahiyan.nasim45@gmail.com', 1, 1, 0, NULL, '$2y$10$OrEjYkrN1doSv11PefMqP.VmGnjT6QKurfe1VuUG3TcjbfoiUKLPS', NULL, '2025-05-28 03:57:55', '2025-05-28 03:57:55', '01719040445', NULL, NULL, NULL, NULL, NULL, NULL, NULL, 'B+', 0, NULL, NULL, NULL, NULL, 'active', 'donor'),
	(108, NULL, 'Kamrul Hasan Chakib', 'kamrulhasanchakib@gmail.com', 1, 3, 1, NULL, '$2y$10$ZI17ceQF1FjcNc3ijDKQOOFOo0g9tloYqQ3GARCy.6boEtYbxzA7O', NULL, '2025-05-28 17:00:32', '2025-05-28 17:12:14', '01619436740', '1996-05-04', 'images/profile_pictures/1748416251_6836b6fb7dea7.jpg', 'male', '4609431764', 'single', 'Private', 'Islam', 'B+', 28, NULL, '2025-01-26 05:00:00', '01817102882', '2012', 'active', 'donor'),
	(109, NULL, 'Md Atiqe Ullah', 'atikullahbt@gmail.com', 1, 3, 1, NULL, '$2y$10$vVJsFLhmq8vplpzLvS8PbeZEAPMDnHl6i9SOX8MEGXoVt/bRt.Tee', NULL, '2025-05-29 02:15:25', '2025-05-29 02:19:35', '01575200504', '1996-01-01', NULL, 'male', NULL, 'married', 'Businessman', 'Islam', 'B+', 1, 'Fit', '2024-02-21 05:00:00', '01575200504', '2012', 'active', 'donor'),
	(110, NULL, 'Mst Kamona Khatun', 'mstkamona227156@gmail.com', 1, 3, 0, NULL, '$2y$10$s6L5LF4tGikWyb.HehYh3eMlgpQUdaWaqhosw7oah91KQv4yH/5fu', NULL, '2025-05-29 14:11:15', '2025-05-29 14:17:39', '1884483121', '1997-11-28', NULL, 'female', '155955565', 'married', 'Other', 'Islam', 'B+', 7, NULL, '2025-02-10 05:00:00', '01884483121', '2012', 'active', 'donor'),
	(111, NULL, 'MD SHAHPARAN', 'mdshahparan869@gmail.com', 1, 1, 0, NULL, '$2y$10$8Tw7F4RoFr1tHA4YP6MYRe5VruoU59NpshTm8tQPUl6zxhZGhHNfW', NULL, '2025-05-29 18:23:09', '2025-05-29 18:23:09', '01629270743', NULL, NULL, NULL, NULL, NULL, NULL, NULL, 'O+', 0, NULL, NULL, NULL, NULL, 'active', 'donor'),
	(112, NULL, 'Rifatul Rahat Rifat', 'rifatulrahat005@gmail.com', 1, 3, 1, NULL, '$2y$10$GbgRk5L4YbepcjfWsuv/P.nrs8PH.EcGDtXnsoiW1Xunp8NHVX4F.', NULL, '2025-06-01 00:19:28', '2025-06-01 00:22:59', '01727402355', '2004-11-29', 'images/profile_pictures/1748701379_683b10c3d791e.jpg', 'male', '5574611793', 'single', 'Student', 'Islam', 'AB+', 2, NULL, '2025-04-10 04:00:00', '01727402355', '2021', 'active', 'donor'),
	(113, NULL, 'MD.Shaha Alam', 'sheplu100@gmail.com', 1, 3, 1, NULL, '$2y$10$VDmoGMjRAEvEa5/Qy0dQGOnJwxfxh0CzTZgYUsZPJurdCmVMWhnzy', NULL, '2025-06-01 02:45:08', '2025-06-01 02:47:51', '01714731563', '1986-11-10', NULL, 'male', NULL, 'single', 'Businessman', 'Islam', 'B+', 0, NULL, NULL, 'NA', '2001', 'active', 'donor'),
	(114, NULL, 'sakib hossain', 'sakibhossain19134@gmail.com', 1, 1, 0, NULL, '$2y$10$IxUecSSUeQqBPL/.xmbB1.5P3tZBPKSq3Qm01bZ1ys5UjAGCiIcIC', NULL, '2025-06-08 00:26:37', '2025-06-08 00:26:37', '01632213697', NULL, NULL, 'male', NULL, NULL, NULL, NULL, 'B+', 0, NULL, '2025-06-07 04:00:00', NULL, NULL, 'active', 'donor'),
	(115, NULL, 'Md. Zia Farhan', 'mdziafarhana512@gmail.com', 1, 1, 0, NULL, '$2y$10$HDlqKglcVK4uEvql6Mp/t.xXSyViFg4x3yGzSZ15pNwRc8Fa2WTEC', NULL, '2025-06-12 19:06:22', '2025-06-12 19:12:47', '01829917515', '1993-06-01', 'images/profile_pictures/1749719567_684a9a0f344cd.png', 'male', NULL, NULL, 'Private job', 'Islam', 'O+', 0, 'Medical Conditions Good', '2024-06-08 04:00:00', '01829917512', '2012', 'active', 'donor'),
	(116, NULL, 'Shariayan Awlad', 'ahammedrakibjian@gmail.com', 1, 1, 0, NULL, '$2y$10$Oe8sfzl.e3yh0pyhAv5JuOKaV7MhDMyCzftVZkpvizPz62CoYUvL6', NULL, '2025-06-12 19:23:33', '2025-06-12 19:23:33', '01780016054', NULL, NULL, 'male', NULL, NULL, NULL, NULL, 'B+', 0, NULL, '2025-01-15 05:00:00', NULL, NULL, 'active', 'donor'),
	(117, NULL, 'Tarun', 'tarunmolla39@gmail.com', 1, 1, 0, NULL, '$2y$10$XWXveOv3mgpyufY0W.vRdekR4//wsp/FJNrJkHL1A.1z5zskNDZti', NULL, '2025-06-12 22:45:08', '2025-06-12 22:45:08', '017770335039', NULL, NULL, 'male', NULL, NULL, NULL, NULL, 'B+', 0, NULL, '2025-05-15 04:00:00', NULL, NULL, 'active', 'donor'),
	(118, NULL, 'Tania Akter', 'taniaiswr@gmail.com', 1, 1, 0, NULL, '$2y$10$61A.J9McAmpC2rvs5GGjYeli4TsMkVqVF4LU4BgNcOBZevdk4jG8i', NULL, '2025-06-13 02:29:16', '2025-06-13 02:29:16', '01952052376', NULL, NULL, 'female', NULL, NULL, NULL, NULL, 'A+', 0, NULL, '2025-01-17 05:00:00', NULL, NULL, 'active', 'donor'),
	(119, NULL, 'Rayed', 'rayedujjman@gmail.com', 1, 1, 0, NULL, '$2y$10$Yj8L7J43Gv/gW.zgoiL9R.ocDD0XTnk97DKFK4oZfjczicAPze4/y', NULL, '2025-06-18 22:34:52', '2025-06-18 22:34:52', '01795155540', NULL, NULL, 'male', NULL, NULL, NULL, NULL, 'O+', 0, NULL, '2025-01-11 05:00:00', NULL, NULL, 'active', 'donor'),
	(120, NULL, 'Md Tajnur Islam', 'tajnurislamjh@gmail.com', 1, 1, 0, NULL, '$2y$10$2QaupwSfTTpHiOQFzEJh/.cRL2cGJw0zgnCil/3yJOcUY0jXIEsXi', NULL, '2025-06-18 23:08:27', '2025-06-18 23:18:20', '+88 01931439232', '1995-05-10', 'images/profile_pictures/1750252612_6852bc447bcf9.jpeg', 'male', NULL, 'single', 'Journalist', 'Islam', 'A+', 17, 'No issues', NULL, NULL, '2012', 'active', 'donor'),
	(121, NULL, 'Prana Nath Paul', 'aradhopaul@gmail.com', 1, 1, 0, NULL, '$2y$10$fKuiwuhD6OdsIQI3PKL59.6tGWy.D3ZoHH5F7DV6vSdEJZIGY0Yhq', NULL, '2025-06-18 23:29:47', '2025-06-18 23:29:47', '01621862553', NULL, NULL, 'male', NULL, NULL, NULL, NULL, 'A+', 0, NULL, '2025-03-25 04:00:00', NULL, NULL, 'active', 'donor'),
	(122, NULL, 'Raju Molla', 'rajumollappl@gmail.com', 1, 1, 0, NULL, '$2y$10$Rp9W9Ef1HGDYFJO8btzK6OqPJ3E6I8Pl674o2qJN4ZigsikH5EvOa', NULL, '2025-06-20 02:50:41', '2025-06-20 02:50:41', '01785909890', NULL, NULL, 'male', NULL, NULL, NULL, NULL, 'B+', 0, NULL, '2025-05-24 04:00:00', NULL, NULL, 'active', 'donor'),
	(131, NULL, 'Sana Ullah Shourav', 'salmabegom13@gmail.com', 1, 3, 1, NULL, '$2y$10$1VIhNaZ1Hc8iy5BmxwBMDegUe11z6lPWeoQWVYsgDHFGULuvRHyjm', NULL, '2025-06-23 18:48:33', '2025-06-23 18:51:54', '01608242070', '1996-12-01', 'images/profile_pictures/1750668714_685915aa35af2.jpg', 'male', '6013898959', 'single', 'Private', 'Islam', 'O+', 26, 'Alhamdulillah', '2025-06-10 04:00:00', '01608242070', '2012', 'active', 'donor'),
	(134, NULL, 'Ariyan Abbas', 'aiolimited123@gmail.com', 1, 1, 0, NULL, '$2y$10$J3lyKrL9YDXSmeWvR7v0BuE3IgrKIZbhiLG3/hBP65A71wfrFuD4e', NULL, '2025-06-26 07:29:01', '2025-06-28 02:53:58', '01742184298', NULL, NULL, 'male', NULL, NULL, NULL, NULL, 'B+', 1, NULL, '2025-06-28 02:53:58', NULL, NULL, 'active', 'donor'),
	(135, 40, 'Ariful Islam', NULL, 1, 1, 0, NULL, '$2y$10$WhgPbFAkt57Y9HUQBfQNMOfA8pu11SyyalSwxKz6XMZej3dyXgXOe', NULL, '2025-06-26 12:08:04', '2025-06-26 12:08:04', '01841502890', NULL, NULL, 'male', NULL, NULL, NULL, NULL, 'A+', 0, NULL, '2025-02-01 05:00:00', NULL, NULL, 'active', 'donor'),
	(136, 40, 'Sohel Hossen', NULL, 1, 1, 0, NULL, '$2y$10$03Y19HGPycnao.An/8Z2Lef74uF1Thu1BxxARRr87e0Xkg99j4d.W', NULL, '2025-06-26 12:09:32', '2025-06-26 12:09:32', '01771799919', NULL, NULL, 'male', NULL, NULL, NULL, NULL, 'A+', 1, NULL, '2025-06-26 04:00:00', NULL, NULL, 'active', 'donor'),
	(137, 40, 'Md.Shisir', NULL, 1, 1, 0, NULL, '$2y$10$K0HeYjHw/4LRS/T4M1aSae/Wz1X6TCDQcDo4SnLDmrGeFBeOSytVW', NULL, '2025-06-26 12:26:49', '2025-06-26 12:26:49', '01832346789', NULL, NULL, 'male', NULL, NULL, NULL, NULL, 'A+', 0, NULL, '2025-03-01 05:00:00', NULL, NULL, 'active', 'donor'),
	(138, 40, 'Mr.Mizan', NULL, 1, 1, 0, NULL, '$2y$10$TS9jL20tcOeK8N7WYTlgSOOq7l/Twddbrm5o.nPO4od9lXh3sJ.f.', NULL, '2025-06-26 12:29:38', '2025-06-26 12:29:38', '01857274278', NULL, NULL, 'male', NULL, NULL, NULL, NULL, 'A+', 0, NULL, '2025-06-26 04:00:00', NULL, NULL, 'active', 'donor'),
	(139, 40, 'Mr.Miraz Hossen', NULL, 1, 1, 0, NULL, '$2y$10$rde1Kq62fIzuSEmbR6tnROnFQRdZsGlRpJCZMBUEV3pIgbR3I0Zjy', NULL, '2025-06-26 12:32:35', '2025-06-26 12:32:35', '01625404047', NULL, NULL, 'male', NULL, NULL, NULL, NULL, 'AB+', 0, NULL, '2025-06-26 04:00:00', NULL, NULL, 'active', 'donor'),
	(140, 40, 'Md.Ruhul Amin', NULL, 1, 1, 0, NULL, '$2y$10$h748y7Qivz1V9PyU9LSAcORcqEQgrRGfKaATM9EpbBiMmuP/F7.p6', NULL, '2025-06-26 12:55:05', '2025-06-26 12:55:05', '01765431118', NULL, NULL, 'male', NULL, NULL, NULL, NULL, 'O+', 0, NULL, '2025-02-01 05:00:00', NULL, NULL, 'active', 'donor'),
	(141, 40, 'Md.Masud Rana', NULL, 1, 1, 0, NULL, '$2y$10$NSVoMLiTlcLZKapy00qckORl3OXbG8su3FWVPHDGYKpP8M8zB4SbG', NULL, '2025-06-26 12:57:00', '2025-06-26 12:57:00', '01719181085', NULL, NULL, 'male', NULL, NULL, NULL, NULL, 'B+', 0, NULL, '2025-01-01 05:00:00', NULL, NULL, 'active', 'donor'),
	(142, 40, 'Akash', NULL, 1, 1, 0, NULL, '$2y$10$GRR4d5ayR4xRHbF4LmgUHOYUd3QjOg4flag/j21JZ5dkHXeiF5xBu', NULL, '2025-06-26 13:07:05', '2025-06-26 13:07:05', '01751505803', NULL, NULL, 'male', NULL, NULL, NULL, NULL, 'O+', 0, NULL, '2025-01-01 05:00:00', NULL, NULL, 'active', 'donor'),
	(143, 40, 'Saiful Islam', NULL, 1, 1, 0, NULL, '$2y$10$Spa2.6iDr/L6JzL.As.jAOO/DhDHxQWbdhQC4tE31AVwC5SrnW/Yu', NULL, '2025-06-26 13:08:14', '2025-06-26 13:08:14', '01814764828', NULL, NULL, 'male', NULL, NULL, NULL, NULL, 'O+', 0, NULL, '2025-01-01 05:00:00', NULL, NULL, 'active', 'donor'),
	(144, 40, 'Md.Sumon Molla', NULL, 1, 1, 0, NULL, '$2y$10$1wttcQMa4sqck7u6caRaWeHpa9JHYyAwp4INkyeY.G58LZI3XR2d.', NULL, '2025-06-26 13:10:11', '2025-06-26 13:10:11', '01920054794', NULL, NULL, 'male', NULL, NULL, NULL, NULL, 'B-', 0, NULL, '2025-01-01 05:00:00', NULL, NULL, 'active', 'donor'),
	(145, 40, 'Salim Hassan', NULL, 1, 1, 0, NULL, '$2y$10$hd5LTL5FoOoL.8XDUBsdRez8wA04.m9wilthvU4HbkLzfQd9SuVL2', NULL, '2025-06-26 13:14:59', '2025-06-26 13:14:59', '01789106772', NULL, NULL, 'male', NULL, NULL, NULL, NULL, 'A+', 0, NULL, '2025-01-01 05:00:00', NULL, NULL, 'active', 'donor'),
	(146, 40, 'Md.Iqbal', NULL, 1, 1, 0, NULL, '$2y$10$H/.8DN7gyQ21xRYB4XFMe.jGDTgpMEoMBrW8QtcF/ku4XoCuYNzVC', NULL, '2025-06-26 13:16:11', '2025-06-26 13:16:11', '01768403582', NULL, NULL, 'male', NULL, NULL, NULL, NULL, 'A+', 0, NULL, '2025-01-01 05:00:00', NULL, NULL, 'active', 'donor'),
	(147, 40, 'Sahidul Islam', NULL, 1, 1, 0, NULL, '$2y$10$JFscb164wjCpL1h09HsbM.sA/tRl5VleJkx.ODQbipvhLqSA7TJUG', NULL, '2025-06-26 17:49:45', '2025-06-26 17:49:45', '01846386803', NULL, NULL, 'male', NULL, NULL, NULL, NULL, 'A+', 0, NULL, '2025-01-01 05:00:00', NULL, NULL, 'active', 'donor'),
	(148, NULL, 'Md. Abdullah Al Mamun', 'aamamun734@gmail.com', 1, 1, 0, NULL, '$2y$10$vhuGS56dn/bKe.huJ8VluORMUNnrahhvdzHyHtOPtJk.kCLInfavS', NULL, '2025-06-26 18:39:01', '2025-06-26 18:39:01', '01734982128', NULL, NULL, 'male', NULL, NULL, NULL, NULL, 'O-', 0, NULL, NULL, NULL, NULL, 'active', 'donor'),
	(149, 40, 'Mahbub Hossen', NULL, 1, 1, 0, NULL, '$2y$10$NIDjmFMpOmK/om4NZHO93evhpIzfukf7wh.Gh7VZyrjKv6iKHq9Wa', NULL, '2025-06-26 18:41:23', '2025-06-26 18:41:23', '01618539912', NULL, NULL, 'male', NULL, NULL, NULL, NULL, 'A+', 0, NULL, '2025-01-01 05:00:00', NULL, NULL, 'active', 'donor'),
	(150, 40, 'Ariful Islam', NULL, 1, 1, 0, NULL, '$2y$10$vlSgjXHNrZsxUV/.eDkZQeupSEZO0hOYITXc3TOtsbUqUCrU7pGae', NULL, '2025-06-26 18:54:35', '2025-06-26 18:54:35', '01719692077', NULL, NULL, 'male', NULL, NULL, NULL, NULL, 'A+', 0, NULL, '2025-01-01 05:00:00', NULL, NULL, 'active', 'donor'),
	(151, 40, 'Sadekur', NULL, 1, 1, 0, NULL, '$2y$10$xdI9IzAa2wxOucfgCcKe9OSJ5N23WEYV1xZBh3rToKoZZoFtFq.v6', NULL, '2025-06-26 18:55:48', '2025-06-26 18:55:48', '01708115355', NULL, NULL, 'male', NULL, NULL, NULL, NULL, 'O+', 0, NULL, '2025-01-01 05:00:00', NULL, NULL, 'active', 'donor'),
	(152, 40, 'S.M Abul Hossen Rana', NULL, 1, 1, 0, NULL, '$2y$10$TvRJaoQY.sMFO8IU/707A.3Gtz8EZwnk5FbXXzApA9dZ6odU4NYnK', NULL, '2025-06-26 18:57:16', '2025-06-26 18:57:16', '01710181439', NULL, NULL, 'male', NULL, NULL, NULL, NULL, 'AB+', 0, NULL, '2025-01-01 05:00:00', NULL, NULL, 'active', 'donor'),
	(153, 40, 'Sayed', NULL, 1, 1, 0, NULL, '$2y$10$ndeEuo0fJWDwkTdVLNGqPuUuWOMQFLUo4/jAhDYkvlkaL1S.ygsDy', NULL, '2025-06-26 18:59:00', '2025-06-26 18:59:00', '01777344424', NULL, NULL, 'male', NULL, NULL, NULL, NULL, 'A+', 0, NULL, '2025-01-01 05:00:00', NULL, NULL, 'active', 'donor'),
	(154, 40, 'Luktta', NULL, 1, 1, 0, NULL, '$2y$10$0qNmCBsRtrNTShWNPxzrNOixFD0WzWPMxWdJ8.0gH4bVZ.DKSMaTG', NULL, '2025-06-26 19:00:14', '2025-06-26 19:00:14', '01765899479', NULL, NULL, 'male', NULL, NULL, NULL, NULL, 'A+', 0, NULL, '2025-01-01 05:00:00', NULL, NULL, 'active', 'donor'),
	(155, 40, 'Mubaidul', NULL, 1, 1, 0, NULL, '$2y$10$bVbRlYZo7AYR9PXs3jmQfuk6H6OuMT3bqBg9c0vP6xE3Wx.wx9DWm', NULL, '2025-06-26 19:01:19', '2025-06-26 19:01:19', '01716497884', NULL, NULL, 'male', NULL, NULL, NULL, NULL, 'O+', 0, NULL, '2025-01-01 05:00:00', NULL, NULL, 'active', 'donor'),
	(156, 40, 'Sajib', NULL, 1, 1, 0, NULL, '$2y$10$/3qt1htpmxLILjblbBrR1ugi1SygZccurWOPjPQqCA6bhgATG.ps2', NULL, '2025-06-26 19:03:40', '2025-06-26 19:03:40', '01716018912', NULL, NULL, 'male', NULL, NULL, NULL, NULL, 'AB+', 0, NULL, '2025-01-01 05:00:00', NULL, NULL, 'active', 'donor'),
	(157, 40, 'Abdur Jalil', NULL, 1, 1, 0, NULL, '$2y$10$ZbbZXYEWZGbwSymKO2eUjOqna1UP20Sqt8DmF/7aw5bVfbTzeMaWS', NULL, '2025-06-26 19:06:05', '2025-06-26 19:06:05', '01937851727', NULL, NULL, 'male', NULL, NULL, NULL, NULL, 'A+', 0, NULL, '2025-01-01 05:00:00', NULL, NULL, 'active', 'donor'),
	(158, 40, 'Md.Abu Rayhan', NULL, 1, 1, 0, NULL, '$2y$10$IM8SoaHIMBotLIlJVgbqLO0f6rY1cefREnv025iv4/rji/nN54Sr2', NULL, '2025-06-26 20:15:54', '2025-06-26 20:15:54', '01768764093', NULL, NULL, 'male', NULL, NULL, NULL, NULL, 'A+', 0, NULL, '2025-01-01 05:00:00', NULL, NULL, 'active', 'donor'),
	(159, NULL, 'Jobayar', 'jobayar302@gmail.com', 1, 1, 0, NULL, '$2y$10$AuejG4FHV5Rcg0FUcPCWiOdXTf0L63DSOB5cbFObZPco5O3CaC8N2', NULL, '2025-06-26 20:26:04', '2025-06-26 20:26:04', '01774687445', NULL, NULL, 'male', NULL, NULL, NULL, NULL, 'B+', 0, NULL, '2025-06-26 04:00:00', NULL, NULL, 'active', 'donor'),
	(160, 40, 'Md.Moniruzzaman', NULL, 1, 1, 0, NULL, '$2y$10$cr8P3BnWuzxNBf.2zgfoHO0wvbggRXnufK2Gh7bToe90r4vsMCSzq', NULL, '2025-06-26 20:28:36', '2025-06-26 20:28:36', '01799435874', NULL, NULL, 'male', NULL, NULL, NULL, NULL, 'A+', 0, NULL, '2025-01-01 05:00:00', NULL, NULL, 'active', 'donor'),
	(161, 40, 'Md.Biplop', NULL, 1, 1, 0, NULL, '$2y$10$xSG3i5BnRNkOUt4/ka2JV.wo2FngTtmCYUlODrFWBr0ID5vvhy5ra', NULL, '2025-06-26 20:30:50', '2025-06-26 20:30:50', '01885296263', NULL, NULL, 'male', NULL, NULL, NULL, NULL, 'A+', 0, NULL, '2025-01-01 05:00:00', NULL, NULL, 'active', 'donor'),
	(162, 40, 'Amirul', NULL, 1, 1, 0, NULL, '$2y$10$RPfK6t8gA7o5IN4pWhRAk.Hx7VnyP8IndovZvTYsa4GzOguYvuZ/W', NULL, '2025-06-26 20:31:54', '2025-06-26 20:31:54', '01825239798', NULL, NULL, 'male', NULL, NULL, NULL, NULL, 'A+', 0, NULL, '2025-01-01 05:00:00', NULL, NULL, 'active', 'donor'),
	(163, 40, 'Md.Nur Islam', NULL, 1, 1, 0, NULL, '$2y$10$ZBON87ZC6xwoCfRhylahFO89UExMDGRWW.HY2qdKV5Sc1WAU2VFPm', NULL, '2025-06-26 20:32:51', '2025-06-26 20:32:51', '01814440998', NULL, NULL, 'male', NULL, NULL, NULL, NULL, 'A+', 0, NULL, '2025-01-01 05:00:00', NULL, NULL, 'active', 'donor'),
	(164, 40, 'Abir Rahman', NULL, 1, 1, 0, NULL, '$2y$10$nL4GVy0vjbYaM3Mo5P.m..Kiw495pAYgcc86R9vXbZBy4r8XZIK0G', NULL, '2025-06-26 20:33:53', '2025-06-26 20:33:53', '01842464743', NULL, NULL, 'male', NULL, NULL, NULL, NULL, 'O+', 0, NULL, '2025-01-01 05:00:00', NULL, NULL, 'active', 'donor'),
	(165, 40, 'Rajib', NULL, 1, 1, 0, NULL, '$2y$10$asgppmy50Ke7Zhb2iB9xtuI.q0IGmfSr2SwXrInWzseoyGiso6i2u', NULL, '2025-06-26 20:35:34', '2025-06-26 20:35:34', '01773072851', NULL, NULL, 'male', NULL, NULL, NULL, NULL, 'B+', 0, NULL, '2025-01-01 05:00:00', NULL, NULL, 'active', 'donor'),
	(166, 40, 'Shariful Islam BP', NULL, 1, 1, 0, NULL, '$2y$10$tu1QvL7j5dTRu2V0iSBF.e.GOrRGJmtI2VDXD7cAyy/kKnU3krIk2', NULL, '2025-06-26 20:36:39', '2025-06-26 20:36:39', '01793995854', NULL, NULL, 'male', NULL, NULL, NULL, NULL, 'O+', 0, NULL, '2025-01-01 05:00:00', NULL, NULL, 'active', 'donor'),
	(167, 40, 'Ohadul', NULL, 1, 1, 0, NULL, '$2y$10$GjLytx/wue/xYcPPnv9WOe20kQ1UGKtnfKa5lprfHlkyyc0ODJeAO', NULL, '2025-06-26 20:37:45', '2025-06-26 20:37:45', '01798639602', NULL, NULL, 'male', NULL, NULL, NULL, NULL, 'B+', 0, NULL, '2025-01-01 05:00:00', NULL, NULL, 'active', 'donor'),
	(168, 40, 'Ahsan Yelahi Jahir', NULL, 1, 1, 0, NULL, '$2y$10$kPx2aB50En69tpNGnKZe/eSa6zoTjBikZOsI3K6J2yNAgq.T4zHYq', NULL, '2025-06-26 20:40:45', '2025-06-26 20:40:45', '01811849703', NULL, NULL, 'male', NULL, NULL, NULL, NULL, 'AB+', 0, NULL, '2025-01-01 05:00:00', NULL, NULL, 'active', 'donor'),
	(169, 40, 'Pinku', NULL, 1, 1, 0, NULL, '$2y$10$k7a.rH/s1dTeVxC.VvNV5.vx55Cv//HhqOWeHyfWzD9O83QcYzTCW', NULL, '2025-06-26 20:41:41', '2025-06-26 20:41:41', '01689107086', NULL, NULL, 'male', NULL, NULL, NULL, NULL, 'B+', 0, NULL, '2025-01-01 05:00:00', NULL, NULL, 'active', 'donor'),
	(170, 40, 'Piyas', NULL, 1, 1, 0, NULL, '$2y$10$OhICIfJYR.JGPwmTk4xlO.2D9ZNIzyQudVN4jPxjqOlV3wCEeZAX6', NULL, '2025-06-26 20:48:29', '2025-06-26 20:48:29', '01827646872', NULL, NULL, 'male', NULL, NULL, NULL, NULL, 'B+', 0, NULL, '2025-01-01 05:00:00', NULL, NULL, 'active', 'donor'),
	(171, 40, 'Mehedi Hassan', NULL, 1, 1, 0, NULL, '$2y$10$PhR6iljzBC72KDQIma7XM.baYaz2BYRX5/WQNWS2auTF2kcIVtIKu', NULL, '2025-06-26 20:49:19', '2025-06-26 20:49:19', '01771493931', NULL, NULL, 'male', NULL, NULL, NULL, NULL, 'B+', 0, NULL, '2025-01-01 05:00:00', NULL, NULL, 'active', 'donor'),
	(172, 40, 'Nazmul', NULL, 1, 1, 0, NULL, '$2y$10$Ew.hVw/5dff1tkZ/PJ4FoeAJ4VxUlwJjwPX5fU5vVyneMJ9055MAG', NULL, '2025-06-26 20:50:20', '2025-06-26 20:50:20', '01839516790', NULL, NULL, 'male', NULL, NULL, NULL, NULL, 'B+', 0, NULL, '2025-01-01 05:00:00', NULL, NULL, 'active', 'donor'),
	(173, 40, 'Rahat', NULL, 1, 1, 0, NULL, '$2y$10$qs5KOFXlmrV9/NQ5Tzl6D.OgXkUWOspz4fct98fx02BQKyM.IDQQS', NULL, '2025-06-26 20:51:25', '2025-06-26 20:51:25', '01670142733', NULL, NULL, 'male', NULL, NULL, NULL, NULL, 'B+', 0, NULL, '2025-01-01 05:00:00', NULL, NULL, 'active', 'donor'),
	(174, 40, 'Dipto', NULL, 1, 1, 0, NULL, '$2y$10$3dNQs1aGXqz0wUF2TEYjWuXsfnar22ogXDQp4qWJ3olgBI3ZPoPCu', NULL, '2025-06-26 20:52:16', '2025-06-26 20:52:16', '01750599583', NULL, NULL, 'male', NULL, NULL, NULL, NULL, 'B+', 0, NULL, '2025-01-01 05:00:00', NULL, NULL, 'active', 'donor'),
	(175, 40, 'Riad', NULL, 1, 1, 0, NULL, '$2y$10$yWlcL6LN3NP1b9.pmUNbL.dbFRKRW9glt7R7AJLyGnKWCU8kR6b8C', NULL, '2025-06-26 20:58:57', '2025-06-26 20:58:57', '01849707787', NULL, NULL, 'male', NULL, NULL, NULL, NULL, 'B+', 0, NULL, '2025-01-01 05:00:00', NULL, NULL, 'active', 'donor'),
	(176, 40, 'Rafiqul', NULL, 1, 1, 0, NULL, '$2y$10$rcOjeBN1Klx2rbU1wIL4fuig49PuIuxun43oo7urLoR3gvhEoKTxa', NULL, '2025-06-26 21:00:07', '2025-06-26 21:00:07', '01794598113', NULL, NULL, 'male', NULL, NULL, NULL, NULL, 'B+', 0, NULL, '2025-01-01 05:00:00', NULL, NULL, 'active', 'donor'),
	(177, 40, 'Piyas', NULL, 1, 1, 0, NULL, '$2y$10$8/nzLuGQW9T1SrV7jGKZgeUNTK3rVOOxGEtVLfMpeqguxnWNu7lqO', NULL, '2025-06-26 21:01:07', '2025-06-26 21:01:07', '01840444303', NULL, NULL, 'male', NULL, NULL, NULL, NULL, 'B+', 0, NULL, '2025-01-01 05:00:00', NULL, NULL, 'active', 'donor'),
	(178, 40, 'Foyez Shakil', NULL, 1, 1, 0, NULL, '$2y$10$zHl7uMJrXsz8VZuYGHuURu/5NrXL/LLMYrJ9ncHcipwrgamqS0Z3y', NULL, '2025-06-26 21:02:14', '2025-06-26 21:02:14', '01922213222', NULL, NULL, 'male', NULL, NULL, NULL, NULL, 'B+', 0, NULL, '2025-01-01 05:00:00', NULL, NULL, 'active', 'donor'),
	(179, 40, 'Tanvir Talukdar', NULL, 1, 1, 0, NULL, '$2y$10$VR3RVs73zz64Bf7MH3shs.61r6riE0FSLONqKEA7GPJXOPBV.0MRK', NULL, '2025-06-26 21:03:47', '2025-06-26 21:03:47', '01708115453', NULL, NULL, 'male', NULL, NULL, NULL, NULL, 'O+', 0, NULL, '2025-01-01 05:00:00', NULL, NULL, 'active', 'donor'),
	(180, 40, 'Md.Anamul Haque', NULL, 1, 1, 0, NULL, '$2y$10$6jdDGSH.ZnrrKKaiM0HYtudaiwJ3I9ULR7ZO1NDqc4lob8AUk4U02', NULL, '2025-06-26 21:10:39', '2025-06-26 21:10:39', '01771960606', NULL, NULL, 'male', NULL, NULL, NULL, NULL, 'O+', 0, NULL, '2025-01-01 05:00:00', NULL, NULL, 'active', 'donor'),
	(181, NULL, 'SH Salman', 'hossainsalman152281@gmail.com', 1, 1, 0, NULL, '$2y$10$O2qFZZ6SbnSgITuxciwp/.p/F6thVgN8Rge3RBMaQ9BFE33eujxhG', NULL, '2025-06-26 22:06:39', '2025-06-26 22:09:57', '01714893509', NULL, 'images/profile_pictures/1750939797_685d38959d2aa.jpg', 'male', NULL, 'married', 'Teacher', 'Islam', 'B+', 4, NULL, '2022-05-12 04:00:00', '01714893509', '2012', 'active', 'donor'),
	(182, 40, 'Mehedi Hasan Shuvo', NULL, 1, 1, 0, NULL, '$2y$10$cshj.46/oXSkBLtJO8Jrwu8sNh9fqAmWAu4JIOc/Th5c3cPrq9gb.', NULL, '2025-06-26 22:23:40', '2025-06-28 01:38:49', '01624363662', NULL, NULL, 'male', NULL, NULL, NULL, NULL, 'B+', 1, NULL, '2025-06-28 01:38:49', NULL, NULL, 'active', 'donor'),
	(183, NULL, 'Sazeeb Mia', 'sazeebmia91293@gmail.com', 1, 1, 0, NULL, '$2y$10$tjlqhX4G/If/Zrwjm0uwPO.gG2OTSwjNhBwSb/ZOY2h1CIO9Cj1Ve', NULL, '2025-06-26 23:42:10', '2025-06-26 23:50:45', '01793847607', '1995-04-25', 'images/profile_pictures/1750945747_685d4fd39cb33.jpg', 'male', '5104863740', 'married', 'BORDER GUARD BANGLADESH (BGB)', 'Islam', 'A+', 6, NULL, '2025-06-20 04:00:00', '01793847607', '2012', 'active', 'donor'),
	(184, NULL, 'Shamsul kabir', 'Shamsulkabir966@gmail.com', 1, 1, 0, NULL, '$2y$10$YZuhg21gADUR.ZUbtFShO.JFovRKFvKH/8rsuvJ.Nsm.E2UhWZN16', NULL, '2025-06-27 02:32:34', '2025-06-27 02:32:34', '01620948088', NULL, NULL, 'male', NULL, NULL, NULL, NULL, 'B+', 0, NULL, '2023-06-30 04:00:00', NULL, NULL, 'active', 'donor'),
	(185, NULL, 'MOHAMMAD SAMI', 'officialsamibhuiyan@gmail.com', 1, 1, 0, NULL, '$2y$10$IHK8A8LbuJWAOuRrMlL4gObMG7kR/CVYs8Om/xEhBt7YrKgJOW9Eu', NULL, '2025-06-27 03:00:57', '2025-06-27 03:00:57', '01612152047', NULL, NULL, 'male', NULL, NULL, NULL, NULL, 'O+', 0, NULL, '2025-03-16 04:00:00', NULL, NULL, 'active', 'donor'),
	(186, NULL, 'Md. Ashraful Islam', 'ashraful210005@gmail.com', 1, 1, 0, NULL, '$2y$10$rOK6MVpEQqNIju/BWUcytuaGf58bzVAHp1FVHn2E6RVu4ZcQORV1m', NULL, '2025-06-27 03:22:56', '2025-06-27 03:22:56', '01704608393', NULL, NULL, 'male', NULL, NULL, NULL, NULL, 'A+', 0, NULL, '2025-06-22 04:00:00', NULL, NULL, 'active', 'donor'),
	(187, NULL, 'MD. ABUSAYEED SIKDER', 'abusayeedsikder1997@gmail.com', 1, 1, 0, NULL, '$2y$10$Itb8vfor0eg6GrEBfGbZ9.iPYTO8JXYibmx5akkYpJNsyAA87HPfe', NULL, '2025-06-27 11:48:55', '2025-06-27 11:55:32', '01785892938', NULL, 'images/profile_pictures/1750989161_685df96954885.jpg', 'male', NULL, 'married', 'Unemployed person', 'Islam', 'O+', 0, NULL, NULL, NULL, '2012', 'active', 'donor'),
	(188, NULL, 'Mohammad Shefayetul Karim', 'sepayetulk@gmail.com', 1, 1, 0, NULL, '$2y$10$ihMXvG7IS/z7y7f9BMGxkeIhO/TwQ.IIcQHFt2ICOWT2J/c/y8t4C', NULL, '2025-06-27 15:02:21', '2025-06-27 15:06:52', '01829903976', NULL, 'images/profile_pictures/1751000812_685e26ecb388e.jpg', 'male', NULL, 'married', 'Bangladesh Police', 'Islam', 'O+', 0, NULL, '2022-06-01 04:00:00', '01829903976', '2012', 'active', 'donor'),
	(189, NULL, 'aadsfdsf', 'aiolimited1234a@gmail.com', 1, 1, 0, NULL, '$2y$10$sptBUhNyhNj1ARAS.5NW/utTJVzj/meVF04FHcSUh83hc53uhUJM6', NULL, '2025-06-28 01:20:21', '2025-06-28 04:39:15', '123123213123', NULL, NULL, 'male', NULL, NULL, NULL, NULL, 'O+', 0, NULL, '2024-12-03 18:00:00', NULL, NULL, 'active', 'donor');

-- Dumping structure for table one2one4.user_preferences
DROP TABLE IF EXISTS `user_preferences`;
CREATE TABLE IF NOT EXISTS `user_preferences` (
  `id` bigint unsigned NOT NULL AUTO_INCREMENT,
  `user_id` bigint unsigned NOT NULL,
  `theme` varchar(255) COLLATE utf8mb4_unicode_ci NOT NULL DEFAULT 'light',
  `notifications_enabled` tinyint(1) NOT NULL DEFAULT '1',
  `language` varchar(255) COLLATE utf8mb4_unicode_ci NOT NULL DEFAULT 'en',
  `notification_preferences` longtext CHARACTER SET utf8mb4 COLLATE utf8mb4_bin,
  `created_at` timestamp NULL DEFAULT NULL,
  `updated_at` timestamp NULL DEFAULT NULL,
  PRIMARY KEY (`id`),
  KEY `user_preferences_user_id_foreign` (`user_id`),
  CONSTRAINT `user_preferences_user_id_foreign` FOREIGN KEY (`user_id`) REFERENCES `users` (`id`) ON DELETE CASCADE,
  CONSTRAINT `user_preferences_chk_1` CHECK (json_valid(`notification_preferences`))
) ENGINE=InnoDB DEFAULT CHARSET=utf8mb4 COLLATE=utf8mb4_unicode_ci;

-- Dumping data for table one2one4.user_preferences: ~0 rows (approximately)
DELETE FROM `user_preferences`;

-- Dumping structure for table one2one4.website_contents
DROP TABLE IF EXISTS `website_contents`;
CREATE TABLE IF NOT EXISTS `website_contents` (
  `id` bigint unsigned NOT NULL AUTO_INCREMENT,
  `key` varchar(255) COLLATE utf8mb4_unicode_ci NOT NULL,
  `content` text COLLATE utf8mb4_unicode_ci NOT NULL,
  `is_active` tinyint(1) NOT NULL DEFAULT '1',
  `created_at` timestamp NULL DEFAULT NULL,
  `updated_at` timestamp NULL DEFAULT NULL,
  PRIMARY KEY (`id`),
  UNIQUE KEY `website_contents_key_unique` (`key`)
) ENGINE=InnoDB AUTO_INCREMENT=108 DEFAULT CHARSET=utf8mb4 COLLATE=utf8mb4_unicode_ci;

-- Dumping data for table one2one4.website_contents: ~90 rows (approximately)
DELETE FROM `website_contents`;
INSERT INTO `website_contents` (`id`, `key`, `content`, `is_active`, `created_at`, `updated_at`) VALUES
	(1, 'site.logo', 'images/logo/site-logo.jpeg', 1, '2025-05-03 06:05:58', '2025-06-27 23:53:10'),
	(2, 'site.title', 'একটি ফর্ম, এক প্রাণ!', 1, '2025-05-03 06:05:58', '2025-05-19 00:51:03'),
	(3, 'site.subtitle', 'তথ্য দিয়ে, রক্ত দিন,জীবন দানে অংশ নিন!', 1, '2025-05-03 06:05:58', '2025-05-19 00:51:03'),
	(4, 'site.name', 'OneTwoOneFour', 1, '2025-05-03 06:05:58', '2025-05-03 06:05:58'),
	(5, 'footer.contact.address', 'Bangladesh', 1, '2025-05-03 06:05:58', '2025-05-03 06:05:58'),
	(6, 'footer.contact.phone', '+880 1234-567890', 1, '2025-05-03 06:05:58', '2025-05-03 06:05:58'),
	(7, 'footer.contact.email', 'one2one4.bd@gmail.com', 1, '2025-05-03 06:05:58', '2025-05-03 06:05:58'),
	(8, 'social.facebook', 'https://facebook.com/one2one4', 1, '2025-05-03 06:05:58', '2025-05-03 06:05:58'),
	(9, 'social.twitter', 'https://twitter.com/one2one4', 1, '2025-05-03 06:05:58', '2025-05-03 06:05:58'),
	(10, 'social.instagram', 'https://instagram.com/one2one4', 1, '2025-05-03 06:05:58', '2025-05-03 06:05:58'),
	(11, 'social.linkedin', 'https://linkedin.com/company/one2one4', 1, '2025-05-03 06:05:58', '2025-05-03 06:05:58'),
	(12, 'social.youtube', 'https://youtube.com/c/one2one4', 1, '2025-05-03 06:05:58', '2025-05-03 06:05:58'),
	(13, 'site.tagline', 'Connecting blood donors with recipients since 2024', 1, '2025-05-03 06:05:58', '2025-05-03 06:05:58'),
	(14, 'site.notification', 'নোটিশ :-রক্তদানে ও সহায়তায় ডোনার হিসাবে নিজে  রেজিষ্ট্রেশন করুন এবং অন্যদের উৎসাহ প্রদান করুব। আসুন আমরা সবাই মানবতার সেবায় এগিয়ে আসি ।', 1, '2025-05-03 06:05:58', '2025-06-27 19:52:58'),
	(15, 'site.hero.slide1.title', 'রক্তদানে নারীর অংশগ্রহণ', 1, '2025-05-03 06:05:58', '2025-05-12 02:40:29'),
	(16, 'site.hero.slide1.subtitle', 'রক্তদানে নারী মানেই সাহসের নতুন ভাষা, মমতা ও জীবন বাঁচানোর একসাথে পথচলা। রক্তদানে তার হাতেই জাগে আশার সুর, ভালোবাসায় ভরে উঠুক মানবতার বুক।', 1, '2025-05-03 06:05:58', '2025-05-19 00:41:21'),
	(17, 'site.hero.slide1.image', 'images/slides/1746982020_slide_5599.jpg', 1, '2025-05-03 06:05:58', '2025-05-12 02:47:00'),
	(18, 'site.hero.slide2.title', 'Save Lives', 1, '2025-05-03 06:05:58', '2025-05-03 06:05:58'),
	(19, 'site.hero.slide2.subtitle', 'Your donation can save up to three lives', 1, '2025-05-03 06:05:58', '2025-05-03 06:05:58'),
	(20, 'site.hero.slide2.image', 'images/slides/1746285695_slide_9044.png', 1, '2025-05-03 06:05:58', '2025-05-04 01:21:35'),
	(21, 'site.hero.slide3.title', 'রক্তদানে নারীর অংশগ্রহণ', 1, '2025-05-03 06:05:58', '2025-05-12 02:39:21'),
	(22, 'site.hero.slide3.subtitle', 'রক্তদানে নারী মানেই সাহসের নতুন ভাষা, মমতা ও জীবন বাঁচানোর একসাথে পথচলা, এক ফোঁটা রক্ত, হাজারো আশার আলোকছায়া।  নারী শুধু গৃহিণী নয়, হতে পারে জীবনদাত্রী, রক্তদানে তার হাতেই জাগে আশার সুর, ভালোবাসায় ভরে উঠুক মানবতার বুক।', 1, '2025-05-03 06:05:58', '2025-05-12 02:18:55'),
	(23, 'site.hero.slide3.image', 'images/slides/1746981561_slide_8095.jpg', 1, '2025-05-03 06:05:58', '2025-05-12 02:39:21'),
	(24, 'site.testimonials.title', 'WHAT OUR HEROES AND SURVIVORS SAY', 1, '2025-05-03 06:05:58', '2025-05-03 06:05:58'),
	(25, 'site.testimonials.limit', '100', 1, '2025-05-03 06:05:58', '2025-06-27 19:53:41'),
	(26, 'site.logo_icon', 'images/logo-icon.png', 1, '2025-05-03 06:05:58', '2025-05-03 06:05:58'),
	(27, 'site.sponsors.title', 'OUR ESTEEMED SPONSORS', 1, '2025-05-03 06:05:58', '2025-05-03 06:05:58'),
	(28, 'site.sponsors.subtitle', 'Organizations supporting our mission to save lives through blood donation', 1, '2025-05-03 06:05:58', '2025-05-03 06:05:58'),
	(29, 'site.sponsors.limit', '4', 1, '2025-05-03 06:05:58', '2025-06-28 00:46:59'),
	(30, 'site.sponsors.cta.text', 'Become a Sponsor', 1, '2025-05-03 06:05:58', '2025-05-03 06:05:58'),
	(31, 'site.sponsors.cta.url', '#contact', 1, '2025-05-03 06:05:58', '2025-05-03 06:05:58'),
	(32, 'about.hero.title', 'About OneTwoOneFour', 1, '2025-05-03 06:05:58', '2025-05-07 21:50:42'),
	(33, 'about.hero.description', 'A Community-Driven Blood Donation Platform Connecting Donors and Recipients from SSC-12 & HSC-14 Batch to Save Lives Through the Gift of Blood.', 1, '2025-05-03 06:05:58', '2025-05-06 17:37:28'),
	(34, 'about.mission.title', 'Our Mission', 1, '2025-05-03 06:05:58', '2025-05-03 06:05:58'),
	(35, 'about.mission.content', 'To create a sustainable and efficient blood donation ecosystem that connects donors and recipients in real-time, ensuring that no life is lost due to lack of blood availability. a aa', 1, '2025-05-03 06:05:58', '2025-05-03 06:14:18'),
	(36, 'about.vision.title', 'Our Vision', 1, '2025-05-03 06:05:58', '2025-05-03 06:05:58'),
	(37, 'about.vision.content', 'We are committed to fostering a culture of blood donation among friends from the SSC 12 and HSC 14 batches, with the aim of establishing the country\'s largest online blood donor bank based on our collaboration. By motivating our peers to actively participate in blood donation drives and engage in diverse social welfare initiatives, we aspire to make meaningful contributions to humanitarian efforts within our communities and across the nation. \r\n\r\nIn addition to enlisting blood donors within our own batches, we seek to connect with voluntary donors from other cohorts and professions, enabling us to create a comprehensive and inclusive blood bank that will enhance our collective impact. Let the blood bond of 12/14 batches be stronger than ever & forever. \r\n\r\n\r\n\r\n                      "Together We Stand, Divided We Fall."', 1, '2025-05-03 06:05:58', '2025-05-06 17:14:20'),
	(38, 'about.values.title', 'Our Values', 1, '2025-05-03 06:05:58', '2025-05-03 06:05:58'),
	(39, 'about.values.content', 'We believe in compassion, reliability, transparency, and community service. Every action we take is guided by our commitment to saving lives and building strong bonds within our community.', 1, '2025-05-03 06:05:58', '2025-05-03 06:05:58'),
	(40, 'about.journey.title', 'Our Journey a', 1, '2025-05-03 06:05:58', '2025-06-27 23:47:49'),
	(41, 'about.journey.content', 'One2One4 was founded in 2022 by a group of passionate individuals from SSF 12 and HSF 14 batch who recognized the critical need for an organized blood donation system within our community. What started as a small WhatsApp group for emergency blood requests has now evolved into a comprehensive platform that connects donors and recipients across Bangladesh. a', 1, '2025-05-03 06:05:58', '2025-06-27 23:47:49'),
	(45, 'about.team.title', 'Our Leadership Team', 1, '2025-05-03 06:05:58', '2025-05-03 06:05:58'),
	(46, 'about.team.description', 'Meet the dedicated individuals who make our mission possible through their tireless efforts and commitment.', 1, '2025-05-03 06:05:58', '2025-05-03 06:05:58'),
	(47, 'about.cta.title', 'Join Our Mission', 1, '2025-05-03 06:05:58', '2025-05-03 06:05:58'),
	(48, 'about.cta.description', 'Every drop counts. By donating blood, you\'re not just giving blood, you\'re giving someone another chance at life.', 1, '2025-05-03 06:05:58', '2025-05-03 06:05:58'),
	(49, 'about.cta.button', 'Become a Donor', 1, '2025-05-03 06:05:58', '2025-05-03 06:05:58'),
	(50, 'gallery.title', 'Photo Gallery', 1, '2025-05-03 06:05:58', '2025-05-03 06:05:58'),
	(51, 'gallery.description', 'Explore Our Blood Donation Events, Camps, and Community Activities Through our Beautiful Photo Gallery.', 1, '2025-05-03 06:05:58', '2025-05-06 17:38:21'),
	(52, 'emergency.title', 'Emergency Blood Donor Contacts', 1, '2025-05-03 06:05:58', '2025-05-03 06:05:58'),
	(53, 'emergency.description', 'Need Blood Urgently? Contact These Emergency Hotlines or Nearby Donors Immediately.', 1, '2025-05-03 06:05:58', '2025-05-06 17:17:08'),
	(54, 'emergency.hotline.1', '{"name":"OneTwoOneFour","description":"24\\/7 Emergency Blood Service","phone":null}', 1, '2025-05-03 06:05:58', '2025-06-24 20:22:13'),
	(55, 'emergency.hotline.2', '{"name":"OneTwoOneFour","description":"Emergency Blood Services","phone":null}', 1, '2025-05-03 06:05:58', '2025-06-24 20:22:13'),
	(56, 'emergency.hotline.3', '{"name":"OneTwoOneFour","description":"Blood Donation Wing","phone":null}', 1, '2025-05-03 06:05:58', '2025-06-24 20:22:13'),
	(57, 'emergency.what_to_do.title', 'What to do in a blood emergency:', 1, '2025-05-03 06:05:58', '2025-05-03 06:05:58'),
	(58, 'emergency.what_to_do.content', '["Stay calm and assess the situation.","Call the emergency hotlines listed here.","Provide details about the blood type needed and the hospital location.","Share the emergency requirement on social media platforms.","Contact family and friends who may be able to donate."]', 1, '2025-05-03 06:05:58', '2025-05-03 06:05:58'),
	(59, 'emergency.required_info.title', 'Required Information:', 1, '2025-05-03 06:05:58', '2025-05-03 06:05:58'),
	(60, 'emergency.required_info.content', '["Patient\'s name and age","Blood type required","Hospital name and location","Contact person and phone number","How many units are required","Reason for blood requirement (optional)"]', 1, '2025-05-03 06:05:58', '2025-05-03 06:05:58'),
	(64, 'contact.title', 'Get In Touch With Us', 1, '2025-05-03 06:05:58', '2025-05-03 06:05:58'),
	(65, 'contact.subtitle', 'Have Questions About Blood Donation or Need Assistance? Our Team is Here to Help You With Any Inquiries.', 1, '2025-05-03 06:05:58', '2025-05-06 17:30:42'),
	(66, 'contact.info.title', 'Blood Donation Network', 1, '2025-05-03 06:05:58', '2025-05-03 06:05:58'),
	(67, 'contact.info.tagline', 'Connecting Donors and Recipients Since 2019', 1, '2025-05-03 06:05:58', '2025-05-06 17:30:42'),
	(68, 'contact.info.address', 'Bangladesh', 1, '2025-05-03 06:05:58', '2025-05-06 17:30:42'),
	(69, 'contact.info.phone', '+880', 1, '2025-05-03 06:05:58', '2025-05-06 17:30:42'),
	(70, 'contact.info.email', 'one2one4.bd@gmail.com', 1, '2025-05-03 06:05:58', '2025-05-05 17:50:20'),
	(71, 'contact.info.hours', 'Sunday - Thursday: 9:00 AM - 5:00 PM<br>Friday & Saturday: Closed', 1, '2025-05-03 06:05:58', '2025-05-03 06:05:58'),
	(72, 'contact.form.title', 'Send Us Your Message', 1, '2025-05-03 06:05:58', '2025-05-03 06:05:58'),
	(73, 'contact.map_iframe', '<iframe src="https://www.google.com/maps/embed?pb=!1m18!1m12!1m3!1d3747016.834959678!2d87.70365756587404!3d23.489444177112155!2m3!1f0!2f0!3f0!3m2!1i1024!2i768!4f13.1!3m3!1m2!1s0x30adaaed80e18ba7%3A0xf2d28e0c4e1fc6b!2z4Kas4Ka-4KaC4Kay4Ka-4Kam4KeH4Ka2!5e0!3m2!1sbn!2sbd!4v1746516545203!5m2!1sbn!2sbd" width="100%" height="450" style="border:0;" allowfullscreen="" loading="lazy" referrerpolicy="no-referrer-when-downgrade"></iframe>', 1, '2025-05-03 06:05:58', '2025-06-27 19:10:08'),
	(74, 'home.contact.title', 'CONTACT US', 1, '2025-05-03 06:05:58', '2025-05-03 06:05:58'),
	(75, 'home.contact.description', 'Have questions about blood donation or need assistance? We\'re here to help!', 1, '2025-05-03 06:05:58', '2025-05-03 06:05:58'),
	(76, 'home.contact.info.title', 'Blood Donation Platform', 1, '2025-05-03 06:05:58', '2025-05-03 06:05:58'),
	(77, 'home.contact.info.tagline', 'Saving lives through voluntary blood donation', 1, '2025-05-03 06:05:58', '2025-05-03 06:05:58'),
	(78, 'home.contact.form.title', 'Send us a Message', 1, '2025-05-03 06:05:58', '2025-05-03 06:05:58'),
	(79, 'home.contact.button', 'Send Message', 1, '2025-05-03 06:05:58', '2025-05-03 06:05:58'),
	(80, 'donors.per_page', '3', 1, '2025-05-03 06:05:58', '2025-05-05 16:12:20'),
	(81, 'gallery.per_page', '25', 1, '2025-05-03 06:05:58', '2025-05-08 02:46:50'),
	(84, 'about.team.member.1', '{"name":"Faruk Khan Nur","position":"Volunteer","bio":"","image":"images\\/team\\/1746613988_Faruk_Khan_Nur.jpg","social":{"facebook":"https:\\/\\/www.facebook.com\\/share\\/16DjyMJeFr\\/","twitter":"#","linkedin":"#"}}', 1, '2025-05-07 20:33:08', '2025-05-07 20:33:08'),
	(85, 'about.team.member.2', '{"name":"Kazi Tafsir Jerin","position":"Volunteer","bio":"","image":"images\\/team\\/1746614360_Kazi_Tafsir_Jerin.jpg","social":{"facebook":"https:\\/\\/www.facebook.com\\/share\\/1Ek6Vfjxw1\\/","twitter":"#","linkedin":"#"}}', 1, '2025-05-07 20:39:20', '2025-05-07 20:39:20'),
	(86, 'about.team.member.3', '{"name":"Sabrina Sultana Mitu","position":"Volunteer","bio":"","image":"images\\/team\\/1746619457_Sabrina_Sultana_Mitu.jpg","social":{"facebook":"https:\\/\\/www.facebook.com\\/share\\/1FSXLGGHPp\\/","twitter":"#","linkedin":"#"}}', 1, '2025-05-07 22:01:35', '2025-05-07 22:04:17'),
	(87, 'about.team.member.4', '{"name":"Tamanna Mustary","position":"Volunteer","bio":"","image":"images\\/team\\/1747929735_Tamanna_Mustary.jpg","social":{"facebook":"https:\\/\\/www.facebook.com\\/share\\/15GbQGf2z2\\/","twitter":"#","linkedin":"#"}}', 1, '2025-05-23 02:02:15', '2025-05-23 02:02:15'),
	(88, 'about.team.member.5', '{"name":"Biswas Nakib","position":"Volunteer","bio":"","image":"images\\/team\\/1748159530_Biswas_Nakib.jpg","social":{"facebook":"https:\\/\\/www.facebook.com\\/share\\/1GQMoR4nET\\/","twitter":"#","linkedin":"#"}}', 1, '2025-05-23 02:34:00', '2025-05-25 17:52:10'),
	(89, 'about.team.member.6', '{"name":"Sonia Sarkar","position":"Volunteer","bio":"","image":"images\\/team\\/1748195111_Sonia_Sarkar.jpg","social":{"facebook":"https:\\/\\/www.facebook.com\\/share\\/1HUnyVURWu\\/","twitter":"#","linkedin":"#"}}', 1, '2025-05-26 03:40:47', '2025-05-26 03:45:11'),
	(91, 'about.milestone.2019', '"রক্ত দিন, জীবন বাঁচান" — এই প্রত্যয়েই পথচলা শুরু আমাদের এই রক্তদাতা প্ল্যাটফর্ম।\r\n\r\nSSC 2012 & HSC 2014 BATCH BLOOD PANEL - যার মূল উদ্যোক্তা ছিলেন *মিনহাজ চৌধুরী*। রক্তের গ্রুপভিত্তিক ডোনার সংগ্রহ এবং স্বেচ্ছাসেবী তৈরির মাধ্যমে কার্যক্রম শুরু করেন ইমরান হুসাইন ও সায়েরা আক্তার জেবা।সেই ধারাবাহিকতায় যুক্ত হয় - শাকিল রানা,রাকিব হাসান, সাফায়েত হোসেন, সান্তনু,ফারুক খান নূর, জাকিরুল হক রুহান, জাহিদুল , আরাফাত মুহিব, শিভলু, জান্নাতুল ফেরদৌস ,সুমন বিশ্বাস, জাকারিয়া, ইয়াসির আরাফাত, তারেক সহ অনেকেই।', 1, '2025-05-28 02:40:59', '2025-05-28 02:45:32'),
	(92, 'about.milestone.2020', 'আল নোমান আদর, তামান্না মুস্তারি, রায়হান মিয়া, নাহিদ আল মাজিদ, রনি দাস, প্রমুখ সক্রিয় অংশগ্রহণে টিএসসি তে ব্লাড গ্রুপের লোগো উন্মোচন করা হয়।\r\n\r\n*আমরা রক্ত দেই, কারণ আমরা বিশ্বাস করি — এক ফোঁটা রক্ত, এক নতুন জীবন।*  \r\n*#BloodForLife #SSC2012HSC2014 #DonateBloodSaveLives', 1, '2025-05-28 02:51:38', '2025-05-28 02:58:01'),
	(93, 'about.milestone.2021', 'রায়হান মিয়া ও আব্দুল্লাহ  আল নোমান আদর এর  প্রচেষ্টার O Negative Blood Panel গঠন হয়।', 1, '2025-05-28 02:57:13', '2025-06-27 19:04:44'),
	(94, 'internal_program.title', 'Internal Programs Registration a', 1, NULL, '2025-06-27 23:42:52'),
	(95, 'internal_program.subtitle', 'Join our exclusive internal programs for SSC-12 & HSC-14 batch members a', 1, NULL, '2025-06-27 23:42:52'),
	(96, 'internal_program.description', 'Our internal programs are designed specifically for our batch members to strengthen our community bonds, promote blood donation awareness, and engage in social welfare activities. Register below to participate in upcoming events and receive your exclusive batch T-shirt. a', 1, NULL, '2025-06-27 23:42:52'),
	(97, 'internal_program.registration.title', 'Program Registration a', 1, NULL, '2025-06-27 23:42:52'),
	(98, 'internal_program.payment.instructions', 'Please complete your registration by making a payment of 500 BDT using one of the available payment methods. Upload a screenshot of your payment for verification.', 1, NULL, NULL),
	(99, 'internal_program.contact.info', 'For any queries regarding registration or payment, please contact our program coordinator at +880 1234-567890 or email at programs@one2one4.org', 1, NULL, NULL),
	(100, 'payment.bKash.number', '01712345678', 1, '2025-06-27 21:41:25', '2025-06-27 21:41:25'),
	(101, 'payment.bKash.type', 'Personal', 1, '2025-06-27 21:41:25', '2025-06-27 21:41:25'),
	(102, 'payment.Nagad.number', '01812345678', 1, '2025-06-27 21:41:25', '2025-06-27 21:41:25'),
	(103, 'payment.Nagad.type', 'Personal', 1, '2025-06-27 21:41:25', '2025-06-27 21:41:25'),
	(104, 'payment.Rocket.number', '01912345678', 1, '2025-06-27 21:41:25', '2025-06-27 21:41:25'),
	(105, 'payment.Rocket.type', 'Personal', 1, '2025-06-27 21:41:25', '2025-06-27 21:41:25'),
	(106, 'payment.Bank_Transfer.details', '{\r\n    "bank_name": "Dutch-Bangla Bank Limited",\r\n    "account_name": "One2One4 Blood Donation",\r\n    "account_number": "123456789012",\r\n    "branch": "Dhanmondi Branch"\r\n}', 1, '2025-06-27 21:41:25', '2025-06-27 21:41:25'),
	(107, 'site.favicon', 'images/logo/favicon.png', 1, '2025-06-27 23:51:31', '2025-06-27 23:52:00');

/*!40103 SET TIME_ZONE=IFNULL(@OLD_TIME_ZONE, 'system') */;
/*!40101 SET SQL_MODE=IFNULL(@OLD_SQL_MODE, '') */;
/*!40014 SET FOREIGN_KEY_CHECKS=IFNULL(@OLD_FOREIGN_KEY_CHECKS, 1) */;
/*!40101 SET CHARACTER_SET_CLIENT=@OLD_CHARACTER_SET_CLIENT */;
/*!40111 SET SQL_NOTES=IFNULL(@OLD_SQL_NOTES, 1) */;
